Teena Shajan,afswn_lahwty24@gmail.com,9889512000
Akash Jayan,gshtasb.mlk@gmail.com,9889512001
Akshay Jayan,manya16@yahoo.com,9889512002
J.Sharath,hmaywn_ghny@gmail.com,9889512003
Ashwin S.Kumar,aartam_frmanfrmaeyan@yahoo.com,9889512004
Eabin Charly,kambyz69@hotmail.com,9889512005
Cijo Cyriac,srwr_lajwrdy@hotmail.com,9889512006
Shambhu R.,zadbkht_mlayry@gmail.com,9889512007
N.K. Vyshnavi,mary47@yahoo.com,9889512008
Nirmal N. Nair,mhram.kawyany14@yahoo.com,9889512009
Alen Sunny,mana91@hotmail.com,9889512010
Arjun T.,yadgar.mzfr@hotmail.com,9889512011
Megharaj V.S,prychhr.nqybzadh@hotmail.com,9889512012
Ajmal Jalal,srwsh33@gmail.com,9889512013
Belbin Shibi,wys_nwbkhty65@yahoo.com,9889512014
Adeeba Basheer,bhark_azyzy9@hotmail.com,9889512015
Aiswarya A. R.,kywandkht_mlayry23@hotmail.com,9889512016
Bijil Varghese,yzdan.glmhmdy9@gmail.com,9889512017
Govind A. S.,khzad58@yahoo.com,9889512018
Krishnanandh N.,bhshad_qadhy@hotmail.com,9889512019
Krishnendu R. G.,aathrnwsh_fany@yahoo.com,9889512020
Muhammad Sadiq P. S.,prywsh62@hotmail.com,9889512021
Nandhu Krishnan E. D.,lbkhnd_mhmdy@hotmail.com,9889512022
Naveen Nandanan,hwrchhr77@gmail.com,9889512023
Prince Martin,ftanh_qanay42@yahoo.com,9889512024
Sreelakshmi N. M,rham.kamly@gmail.com,9889512025
Fasila Latheef,yawr28@hotmail.com,9889512026
Muhammed Afsal K. S.,yganh_msbah@yahoo.com,9889512027
Nitheesh K. S.,glrw25@yahoo.com,9889512028
Sagar M Krishnadas,whrz_nyshabwry47@gmail.com,9889512029
Abhinav Jaiju,frjad_mhajrany@gmail.com,9889512030
Akhil M,nwshdkht_kmaly@gmail.com,9889512031
Alfina Sulfikar B,jawyd.frhng@gmail.com,9889512032
Anjana K G,gwhrnaz67@yahoo.com,9889512033
Arathi R,snblh27@hotmail.com,9889512034
Arshin Jose Sandi,hwr.mhdypwr@yahoo.com,9889512035
Ashwin Madhu,shbbw.myrdamady@hotmail.com,9889512036
Babu R,mhrnya.namtzadh43@hotmail.com,9889512037
Bidhu M Renchi,shyrzad_qadhy@hotmail.com,9889512038
Binitha S,bhnwd_mhjwby65@gmail.com,9889512039
Ganesh A,akhtr41@hotmail.com,9889512040
Kadeejath Lubaiba,kyandkht14@yahoo.com,9889512041
Mohammed Gasni,mhranfr.fryad46@gmail.com,9889512042
Nikhil Nandagopan,bhzad_msbah75@gmail.com,9889512043
Risvana Sherin,anwshrwan.aaly26@gmail.com,9889512044
Sameena,mhraafaq43@gmail.com,9889512045
Sneha K Salu,mhdys39@yahoo.com,9889512046
Sreehari Prathap,shyrng.myrzadh12@hotmail.com,9889512047
Sumeeth Kumar S Naik,sphr.alyzmany33@yahoo.com,9889512048
Akhil P Vijayan,bhzad76@yahoo.com,9889512049
Amelin Thomas,bapwk_qhrmany33@yahoo.com,9889512050
Aneesh S,bwzhan.ythrby@hotmail.com,9889512051
Anjali Nair,mhraara92@hotmail.com,9889512052
Ann Mary Jose,mhshyd71@hotmail.com,9889512053
Annie Abraham,shahdkht_mfth67@yahoo.com,9889512054
Ashika Hussain,gshtasb42@hotmail.com,9889512055
Avin Joseph,swlmaz.frj96@yahoo.com,9889512056
Haizon Helet Cruz,mrzban.marwf@hotmail.com,9889512057
Jithumol S,nwyd_namwr56@gmail.com,9889512058
Junaid K.V,zadbh.frshydwrd27@hotmail.com,9889512059
Jyothish A,kywandkht29@hotmail.com,9889512060
Krishnanunni T K,glbar_almalhdy@gmail.com,9889512061
Malavika K Nair,kyandkht57@yahoo.com,9889512062
Mohammed Anees A B,nylwfr74@yahoo.com,9889512063
Nevin Sunny,prywsh.mwhd46@gmail.com,9889512064
Nithin Peter,kamnwsh.ghdhnfry@gmail.com,9889512065
Rashmi Nayak S,makan.nqdy@hotmail.com,9889512066
Rithwik S Menon,nazchhr42@gmail.com,9889512067
Rohit Deepak,zybar.mnwchhry@gmail.com,9889512068
Roshni A T,qbad14@hotmail.com,9889512069
Sarith P Sajeev,yashar.alyaabady@gmail.com,9889512070
Shallet Mary T Eldho,kamyar59@gmail.com,9889512071
Sneha P,kaban.mhjwby@yahoo.com,9889512072
Subin Younas,frydkht.ndwshn4@hotmail.com,9889512073
Sujith S Kumar,bhmn_mwswyan@yahoo.com,9889512074
Surabhi P S,maral.qanay@yahoo.com,9889512075
Vincy Anto,zadfr.nqybzadh20@hotmail.com,9889512076
Vyshnav Sasidharan,aabandkht.ylda17@hotmail.com,9889512077
Yadhukrishnan Em,dlangyz27@gmail.com,9889512078
Adnan M,frhng_ythrby@gmail.com,9889512079
Aiswarya Radhakrishnan,glbar_nqybzadh79@hotmail.com,9889512080
Ajay Pranav M K,dlaawyz_gnjy@yahoo.com,9889512081
Akash Nair,mhsyma73@hotmail.com,9889512082
Alwin Sonny,drya_mstwfy31@hotmail.com,9889512083
Anusha P R,bkhtyar97@yahoo.com,9889512084
Arjun N,zhyar_framrzy@gmail.com,9889512085
Basil Mathew,rwnak.ythrby@yahoo.com,9889512086
Fathima Zubair M P,khrm.azyzy@gmail.com,9889512087
Jibymol Joseph,saghr.hmaywn70@hotmail.com,9889512088
Jijo Joseph,wamq_asar91@gmail.com,9889512089
Joblin K. James,jhannaz.fhmydh74@gmail.com,9889512090
Kanagarla Ravikanth,glpr48@hotmail.com,9889512091
Kiran Maria Giby,nahyd43@gmail.com,9889512092
Megha P M,mynadkht_namwr@gmail.com,9889512093
Mohamed Rishan Av,rkhsar_marwf@yahoo.com,9889512094
Navaneeth Sankar E M,sty60@gmail.com,9889512095
Nihal Farhan Kt,glbad64@yahoo.com,9889512096
Sarath,wyda_mhmdrdhayy87@gmail.com,9889512097
Sona Grace John,mstan44@hotmail.com,9889512098
Sreelakshmi Babu,mhran53@yahoo.com,9889512099
Sreyas T P,mhraab.hashmyrfsnjany@yahoo.com,9889512100
Thasni Sathar,mhyndkht_glmhmdy@gmail.com,9889512101
V S Vishnupriyan,sark_qhrmany@hotmail.com,9889512102
A ASWATHI,bnfshh_mzfr@yahoo.com,9889512103
ABHIJITH V,aabtyn15@gmail.com,9889512104
MAHEEN A,shhrh40@gmail.com,9889512105
MOHAMMED ROSHAN,tajy_msbahzadh76@gmail.com,9889512106
SHAJITH MON,frwd.alya73@gmail.com,9889512107
KISHORE G,bhdad.msbahzadh@hotmail.com,9889512108
SOORAJ NAIR,kaban45@yahoo.com,9889512109
VISHAL PILLAI,hwrzad71@hotmail.com,9889512110
Afsal G,karakw36@gmail.com,9889512111
Akshay Jayakumar,radman.waazy35@yahoo.com,9889512112
Divyamol N J,shmyn46@gmail.com,9889512113
Nithya CS,ramyar_farsy70@hotmail.com,9889512114
Sangeetha K S,syma_qadhy@yahoo.com,9889512115
Vincy Sahayaraj,glbyz_nqybzadh58@yahoo.com,9889512116
Jijito V,frwtn_mhmdy@yahoo.com,9889512117
ISSAC,shahyn_qadhy@yahoo.com,9889512118
LIJO,saghr.qhrmanyan@gmail.com,9889512119
ABHINU BALACHANDRAN,shbbw.frmanfrmaeyan@yahoo.com,9889512120
ADHEENA VARGHESE,kmbwjyh_yahqy@yahoo.com,9889512121
ANEESH JOSE,kyhanh.nwab59@hotmail.com,9889512122
APARNNA S,mrzban23@yahoo.com,9889512123
CHRISTY JACOB,afswn.lahwty@yahoo.com,9889512124
FEMI EMMANUEL,mhsty.hashmyrfsnjany@gmail.com,9889512125
FONSO GEORGE,yadgar36@gmail.com,9889512126
GEETHA E K,makan2@yahoo.com,9889512127
GOVIND A PRASAD,fryman.mnwchhry95@gmail.com,9889512128
LAKKAMRAJU GNANA DEEPIKA,tnaz.waazzadh@yahoo.com,9889512129
LIDIYA RAJU,pwnh.qadhy76@yahoo.com,9889512130
SARAVANAN A,nwyndkht_msbah@yahoo.com,9889512131
SHERIN JOHN,brmk_kymyayy@gmail.com,9889512132
SUBIN S S,nwshaafryn_krdbchh28@yahoo.com,9889512133
TOMIN V JOSEPH,rawyar.alya@yahoo.com,9889512134
VISHNU VIJAYAKUMAR,paktn.kamkar16@gmail.com,9889512135
VYSHAKH V S,kywandkht16@hotmail.com,9889512136
AISWARYA RAMDAS,frynwsh_qanay21@gmail.com,9889512137
INDU L,mhrandysh_alypwr2@hotmail.com,9889512138
PALLAVI SASIDHARAN,kyan81@hotmail.com,9889512139
RENEESH J BRIGHT,mhyndkht44@hotmail.com,9889512140
RAHUL PILLAI,rasa95@yahoo.com,9889512141
ASHIK K SATHEESH,nykpy_framrzy91@yahoo.com,9889512142
DRUSYA K,kamdyn_farsy58@yahoo.com,9889512143
VIGNESH C,hwrmnd.njfy56@yahoo.com,9889512144
CHRISTY SUNNY,jryrh_asar@gmail.com,9889512145
JOM JOB,srwsh_yadgar23@gmail.com,9889512146
MIDHUN M NAIR,nykzad.alya@hotmail.com,9889512147
SOUMYA MANUEL,maral89@gmail.com,9889512148
ATHIRA V S NAIR,srafraz_lahwty34@gmail.com,9889512149
Abiya Joy,swzan.hashmyrfsnjany@hotmail.com,9889512150
Manu Mohan,glbw.mqdm@yahoo.com,9889512151
Megha G,makan.mwswyan14@gmail.com,9889512152
Sarath P,nykpy_hashmyrfsnjany@hotmail.com,9889512153
Kevin Charley,dayan97@gmail.com,9889512154
Ashna George,nykchhr.waazzadh49@gmail.com,9889512155
Aiswarya T,kamrawa65@hotmail.com,9889512156
Jishma K P,zal_frhng@hotmail.com,9889512157
Anu Johnson,chabk.aqyly72@hotmail.com,9889512158
Angel Mary Paul,zhyar.hrwy27@gmail.com,9889512159
Chindhusha T C,glrng64@yahoo.com,9889512160
Krishnapriya Raj,shyna43@hotmail.com,9889512161
Deepthi P N,aafrhdkht.krymy18@hotmail.com,9889512162
Juny Maria John,frwd.hashmyrfsnjany76@yahoo.com,9889512163
Vishnu M D,khzad9@gmail.com,9889512164
Aathira P,frkhdad.msbah@gmail.com,9889512165
Akhil M U,hyrbd34@yahoo.com,9889512166
Abiya Wilson,kyandkht.hwshyar17@yahoo.com,9889512167
Ashitha M,khrm38@hotmail.com,9889512168
Mitha Waiben,lbkhnd.fatmy@hotmail.com,9889512169
Neeraja R,bwyan81@gmail.com,9889512170
Reshma Susan Thomas,zyma65@hotmail.com,9889512171
Rose Maria Joji,nazprwr_araqy@gmail.com,9889512172
Ruksana Salahudeen,zrngar55@yahoo.com,9889512173
Saranya . M,chwbyn87@gmail.com,9889512174
Thara Thomas,pwnh.kymyayy2@hotmail.com,9889512175
Ajesh Raj,tnaz_abdalmlky92@yahoo.com,9889512176
Heera Vinod,zadchhr_ghny1@gmail.com,9889512177
Jeenu Jayakumar,ramshgr21@gmail.com,9889512178
Karthika S,bhnaz_khnmwyy@hotmail.com,9889512179
Lubina Anwer,dlksh.hrwy@yahoo.com,9889512180
Vishnu.M.B,nazly_alypwr71@gmail.com,9889512181
Amal Prakash J,glnwaz35@gmail.com,9889512182
Sruthy K S,prham_mzfr@hotmail.com,9889512183
Angella Sara Sebastian,aaryamhr_hrwy44@yahoo.com,9889512184
SaiBalu R,shyrzad_hraty@yahoo.com,9889512185
Gifty Mariam,swgnd.msha91@yahoo.com,9889512186
Adithya Mohan Nair,shmshad.mnwchhry@gmail.com,9889512187
Juliya K Paul,tara.yahqy@gmail.com,9889512188
Libina P Joseph,grshasb.nylwfry@hotmail.com,9889512189
Arun B,glnwsh_mjtbwy80@gmail.com,9889512190
Chillu Elizabeth Kuriakose,frzanh_lachyny86@hotmail.com,9889512191
Niranjana Manoj,dlaram_fhmydh26@hotmail.com,9889512192
Karthika B,mhrzadh.mlk@yahoo.com,9889512193
Sona Maria Noble,bwzhan1@yahoo.com,9889512194
Apsara S B,lhrasb_krdbchh34@yahoo.com,9889512195
Abhishek K Krishna,shyryndkht70@gmail.com,9889512196
Pooja Mohanan,pwnh.namtzadh@hotmail.com,9889512197
Akshara S Vijay,brzyn.qanwny@gmail.com,9889512198
Lidiya Rajan,glbar.mlkyan40@hotmail.com,9889512199
Boncy Benjamin,frydkht.araqy@yahoo.com,9889512200
Aishwarya S,nazbanw10@gmail.com,9889512201
Athira P Kumar,frkhmhr_qhrmany@gmail.com,9889512202
Angella Sara Sebastian,swry52@gmail.com,9889512203
SaiBalu R,nykzad1@yahoo.com,9889512204
Gifty Mariam,twrj_qmyshy97@hotmail.com,9889512205
Adithya Mohan Nair,nwyn.ghdhnfry78@yahoo.com,9889512206
Juliya K Paul,bhtash_msahb92@yahoo.com,9889512207
Libina P Joseph,srafraz.mwswy83@hotmail.com,9889512208
Arun B,frkhlqa_hashmyan4@hotmail.com,9889512209
Chillu Elizabeth Kuriakose,mshknaz.frmanfrmaeyan@yahoo.com,9889512210
Niranjana Manoj,wamq.araqy84@yahoo.com,9889512211
Karthika B,glbam.mjthdshbstry53@hotmail.com,9889512212
Sona Maria Noble,lalh_nqybzadh13@gmail.com,9889512213
Apsara S B,hywa88@gmail.com,9889512214
Abhishek K Krishna,yasmn_mlayry@yahoo.com,9889512215
Pooja Mohanan,rkhshndh.aarf43@hotmail.com,9889512216
Akshara S Vijay,nrmk.mhmdrdhayy@gmail.com,9889512217
Lidiya Rajan,rabw.myrbaqry92@yahoo.com,9889512218
Boncy Benjamin,awrng73@yahoo.com,9889512219
Aishwarya S,pwrandkht.anayt44@hotmail.com,9889512220
Athira P Kumar,shhrzad49@yahoo.com,9889512221
Vishnudev S,twrandkht.aaly@yahoo.com,9889512222
Mohamed Irshad Kp,mhyndkht26@hotmail.com,9889512223
Aswathi N R,swzan.aqyly18@yahoo.com,9889512224
Sankar Ganesh V,whrz_anayt@hotmail.com,9889512225
Vrinda Vijayakumar,glsa6@yahoo.com,9889512226
Shymol Kochitty,glbhar97@gmail.com,9889512227
Naufa N N,frwzndh30@gmail.com,9889512228
Sreeyenan E K,shyryn.qhstany@gmail.com,9889512229
Vishnudev Kp,zadbkht96@yahoo.com,9889512230
Fathima Samrin P,mynwfr.alm@yahoo.com,9889512231
Navya Babu,khsrw61@gmail.com,9889512232
Krishnendu Shaji,frkhlqa_mhjwb@yahoo.com,9889512233
Amitha Unnikrishnan,arzhn48@hotmail.com,9889512234
Anagha O K,zadbkht.lajwrdy@hotmail.com,9889512235
Ananthu A,pakdkht85@gmail.com,9889512236
Angel Rose K A,kamk82@yahoo.com,9889512237
Anjali K J,hyrbd_qhrmany@hotmail.com,9889512238
Anjali Ramesh,yzdan99@hotmail.com,9889512239
Elbin Thomas,fyrwzh.hashmy@yahoo.com,9889512240
Jaseem.M,pyrwz_ghny@hotmail.com,9889512241
Jerin Johny,makan_lachyny44@yahoo.com,9889512242
Nihamathulla O,ftanh_nazry93@yahoo.com,9889512243
Nithin Raveendran,thmwrth83@hotmail.com,9889512244
Anjana .K,drya37@yahoo.com,9889512245
Anju Susan Achenkunju,shhyn_nwbkhty@hotmail.com,9889512246
Annette Joe,ramtyn_wathqy74@gmail.com,9889512247
Ansiya C A,glbhar55@hotmail.com,9889512248
Anupriya V,prya.lahwty@hotmail.com,9889512249
Ashwathi Anand,bnfshh.alm@gmail.com,9889512250
Hasna Hamsath,grshasb25@gmail.com,9889512251
Yruthika Lakshmi V S,snblh_hmaywn14@hotmail.com,9889512252
Anjana Anilkumar,spnd_mjahd@gmail.com,9889512253
Aswany K T,mandana_framrzy52@hotmail.com,9889512254
Shankar P,byzhn_mlayry@gmail.com,9889512255
Fatima S,mhraafaq16@yahoo.com,9889512256
Geethu Ramesh,kamran_msahb@hotmail.com,9889512257
AKSHAY MADHAN P,mhryar_frshydwrd@gmail.com,9889512258
CILIYA SEABSTIAN,mhsa53@yahoo.com,9889512259
PRIYA REJU,frkhlqa31@yahoo.com,9889512260
Dona Sara Jacob,kyandkht.nqdy33@gmail.com,9889512261
Ashitha Augustine,wyda.azyzy@yahoo.com,9889512262
Kumar G,shhbaz.glmhmdy@yahoo.com,9889512263
Bijoy J Puthussery,mhrafzwn_mthry@gmail.com,9889512264
Joseph Johny Vallanat,ahwra.mlk@hotmail.com,9889512265
Athira Gopalakrishnan,jhandkht50@yahoo.com,9889512266
Ankitha Nair,swrn37@yahoo.com,9889512267
Dhanusha A D,nyma_mftah68@yahoo.com,9889512268
Greeshma Madhu,frdad_mhdypwr25@yahoo.com,9889512269
Sivaparvathy S,nykpy.njfy65@yahoo.com,9889512270
Vyshnavi Siji Mohanan,twzhal_frwtn@gmail.com,9889512271
S Sneha,frahan_nwbkhty@yahoo.com,9889512272
Sahana S,aahw7@yahoo.com,9889512273
Athira Prasad,dlaawyz.hamwn@yahoo.com,9889512274
Divya Nair,gwmatw.mhajrany46@yahoo.com,9889512275
Arathy G.K Nair,tyrdad59@hotmail.com,9889512276
Abhijesh R Chandran,zrngar_hamwn@yahoo.com,9889512277
Sivakami T,swzan_kwshky@hotmail.com,9889512278
Nikhil Prakash,ramyla81@gmail.com,9889512279
Vimal Viswambharan,prtw_namwr92@gmail.com,9889512280
Malavika Krishnan,prham.msbah@yahoo.com,9889512281
Anees H,arslan_mlk45@hotmail.com,9889512282
Raechel David,glbhar.msahb@yahoo.com,9889512283
Rohith M R,raspyna_myrdamady@yahoo.com,9889512284
Lekshmi C Senan,mykhk.myrdamady@hotmail.com,9889512285
Ariya Agnihothri Ms,frbgh_frhng@gmail.com,9889512286
Athira Adev,banw_nqdy@yahoo.com,9889512287
Lekshmi S,pwrya.frhng@yahoo.com,9889512288
Chaithanya Ganesh,rabw.gnjy97@gmail.com,9889512289
Annsona Ansilon Dores,zadbh.fnayy@gmail.com,9889512290
Sujith N,nazprwr44@yahoo.com,9889512291
Simimol S M,symyn42@hotmail.com,9889512292
Arsha Vijayan,ngaryn26@hotmail.com,9889512293
Arya.A.V,twzhal_lahwty15@gmail.com,9889512294
Shruthi.Ss,ghrchhr63@gmail.com,9889512295
Vidhya A V,shkwfh_myrdamady31@gmail.com,9889512296
Irfan Rabeeh,aanahyta_fhmydh@hotmail.com,9889512297
M Rakhi Manoj,mhranfr1@hotmail.com,9889512298
Mary Joseph,frkhrw.fany@hotmail.com,9889512299
Smrithi.S.Lal,rkhsar_mhmdy51@hotmail.com,9889512300
Ashwin M S,shrh_mfth44@hotmail.com,9889512301
Haritha Jerald,rawyar_aashwry@gmail.com,9889512302
Kavya S Kumar,sara50@hotmail.com,9889512303
Smrithy Jophrin,nsryn_glmhmdy@hotmail.com,9889512304
Anoop Mathew Uluvathu,karw.kwshky@yahoo.com,9889512305
Gowri R Nair,aafrhdkht15@hotmail.com,9889512306
Amritha G,aaryn.aarf21@yahoo.com,9889512307
Devu Mohan,zadmasb.myzbany59@gmail.com,9889512308
Shamnad S,shwrangyz57@yahoo.com,9889512309
Akhil M,spydh.mjtbayy@gmail.com,9889512310
Anshula Vijayam S J,frzyn.asar@gmail.com,9889512311
Sumitra.R,astr.kashy35@gmail.com,9889512312
Joselin Johnson,ladn_lnkrany@gmail.com,9889512313
Jibindas M,mynw_anayt63@hotmail.com,9889512314
Aswathi S,nwshyn.framrzy@hotmail.com,9889512315
Lekshmy Ps,twrj.mhajrany89@gmail.com,9889512316
Shilpa S Pillai,shyna18@gmail.com,9889512317
Feba Mariam Lalu,bhnaz.frj62@hotmail.com,9889512318
Gopika S R,jhanbanw.qnbry@yahoo.com,9889512319
Lijo John,shrarh_hashmyan@hotmail.com,9889512320
GOKUL G. KRISHNA,bzrgmhr.qhrmanyan@yahoo.com,9889512321
Broshini Cyriac,swzh79@yahoo.com,9889512322
RUBY MAMACHAN,darywsh13@yahoo.com,9889512323
FEMINA BASHEER,nwshfr.lnkrany5@yahoo.com,9889512324
JOBIS MATHEW,aazadh_hashmy@gmail.com,9889512325
VARUN RAJ S P,jhanbkhsh.mlk52@hotmail.com,9889512326
NIKHIL K J,kyanwsh.lwks@yahoo.com,9889512327
NEETHI C. M.,frynaz.mhdypwr@gmail.com,9889512328
ELSA MARY VARUGHESE,frnwd.ghdhnfry31@gmail.com,9889512329
NIZA S,mhshad.hwshyar65@gmail.com,9889512330
DIVYA S EDWARD,syma_hwmn22@yahoo.com,9889512331
JANE JEBARSON R,aathyn.ghny35@yahoo.com,9889512332
RESINYA RASAK,khram_alyasgry57@hotmail.com,9889512333
TEENU THOMAS,fda_kyanynamkhanwadgy7@hotmail.com,9889512334
VIVEKANANDAN,qdsy62@hotmail.com,9889512335
DEEPAK MATHEW,frywsh.kyan34@hotmail.com,9889512336
JYOLSNA SUSEEL,ksry_aarf43@gmail.com,9889512337
JOMON JOSE,hyma_mhmdy@yahoo.com,9889512338
LEKSHMI,nyma_aaly@yahoo.com,9889512339
MOHAMMED ASHRAF,swmar.yadgar50@yahoo.com,9889512340
PRINCE J,grshyn_fhmydh80@gmail.com,9889512341
SIMI P.S,darya.mjrd@yahoo.com,9889512342
SHEEBA JOSEPH,nazfr56@yahoo.com,9889512343
SHALU S,dnya.framrzy@gmail.com,9889512344
SILJA PURUSHOTAMMAN,frzad.myzbany89@gmail.com,9889512345
GIBY THANKAM BABY,zhywar.kyan42@hotmail.com,9889512346
SREEKESH M.,glnwsh.mhdthy9@hotmail.com,9889512347
ARUN N,aatwsa51@gmail.com,9889512348
LOVEBIN REJO,tajy_glmhmdy88@hotmail.com,9889512349
KESIYA ABRAHAM,bhrng.marwf@gmail.com,9889512350
JASMINE MELBA,symyndkht.maarf@gmail.com,9889512351
NIKHIL V. CHANDRAN,manwsh_azyzy89@gmail.com,9889512352
AYSWARIA A.S.,pwpk_njfy22@yahoo.com,9889512353
AMITHA MATHEWS,bamshad23@hotmail.com,9889512354
ASWIN DEEPAK JOSE,nykbyn_frj3@gmail.com,9889512355
ATHIRA MATHEWS,shyna_mhdypwr12@hotmail.com,9889512356
SHRUTHI RAU,zhyna_klbasy85@gmail.com,9889512357
KIRAN J SUNNY,grsha80@yahoo.com,9889512358
NICHOLAS TOM,kanyar_framrzy13@yahoo.com,9889512359
RABHEEA T T K,glrw_namwr@yahoo.com,9889512360
DAYANA MATHEW,mzhdh_waaz@gmail.com,9889512361
ATHIRA GEORGE,jmshyd_mzfr91@gmail.com,9889512362
SONA ELIZABETH THOMAS,bhmn.hamwn@yahoo.com,9889512363
A AMAL,srwr_yadgar@gmail.com,9889512364
SANITHA G KRISHNAN,nwshfr_msahb@gmail.com,9889512365
SONITTA PAUL,byta4@gmail.com,9889512366
VIDHYA K.R.,aahw.frwtn72@hotmail.com,9889512367
DINU MANUEL,frngys_mlk59@hotmail.com,9889512368
DIVYA PREM SAMUEL,frahan66@gmail.com,9889512369
GEETHU ROSE AUGUSTINE,nstrn3@yahoo.com,9889512370
LAMEES ABDUL MAJEED,wyshtasb_alyaabady54@hotmail.com,9889512371
MAHIMA MERIN JOY,zynw43@gmail.com,9889512372
MRUDHULA MURALI,aayda_hmt@yahoo.com,9889512373
NAVEEN T.N.,hngamh.myrdamady@gmail.com,9889512374
NIJAS K.P.,ramwna_msha81@yahoo.com,9889512375
THARAK C.S.,bhmn.mfth@yahoo.com,9889512376
DEEPTHI V.D.,kyandkht.msha27@yahoo.com,9889512377
ARJUN U,hmrah.msha@gmail.com,9889512378
VINU VISWANATH,kyqbad_klbasy65@yahoo.com,9889512379
REMYA T,zrngar55@hotmail.com,9889512380
SUSMITA MARY THOMAS,snblh17@gmail.com,9889512381
JASMIN SAMUEL,zrynh.mwswyan68@yahoo.com,9889512382
LEKSHMI PREM,lalhrkh.myrspasy@gmail.com,9889512383
ANSAR JOSEPH,ghrchhr15@gmail.com,9889512384
DON JOY,shmyn.mjthdy@hotmail.com,9889512385
SAGA TEJA,shkwfh38@yahoo.com,9889512386
JOSE JOEL,frnwsh_wkyly0@yahoo.com,9889512387
VISHNU HARI,hwrzad_mddy@hotmail.com,9889512388
KRIPESH K,shyrng.ylda68@yahoo.com,9889512389
BONY B. VARGHESE,nda.myrbaqry97@hotmail.com,9889512390
PARVATHY MURALEEDHARAN,grdaafryd.abady@yahoo.com,9889512391
BALU BABURAJ,amyd.asar75@yahoo.com,9889512392
AMBILY MATHEW,prydkht11@gmail.com,9889512393
ASWATHY A,bamshad.lnkrany@yahoo.com,9889512394
FABY MS,frnwsh.ftahy@gmail.com,9889512395
HARIKRISHNAN,gysw_frshydwrd43@yahoo.com,9889512396
NAVYA GEORGE,prwanh_mhjwby12@hotmail.com,9889512397
SILJA JAMES,mahbrzyn89@gmail.com,9889512398
ALPHY THOMAS,gwhrnaz_myrzadh@gmail.com,9889512399
ANAKHA M. JOSE,pshng.fatmy54@yahoo.com,9889512400
MERLIT MATHEW,jhanbanw.fnyzadh@yahoo.com,9889512401
MIDHUN KS,dlbnd.hashmy@hotmail.com,9889512402
MUHAMMED ANEESH PT,ngyn.mwhd74@gmail.com,9889512403
MUHAMMED PK,shwrangyz96@yahoo.com,9889512404
NEENU JACOB,gwdrz20@gmail.com,9889512405
SIMI CHACKO,twty39@yahoo.com,9889512406
K  ARUN,aaryamhr.marwf@yahoo.com,9889512407
RIYA JAMES,nazaafryn_nhawndy@gmail.com,9889512408
ACHAS C,sasan_mthry@yahoo.com,9889512409
C HARINAINYAR PILLAI,anwshrwan38@gmail.com,9889512410
DHANYA KURUP,glrba_namtzadh69@gmail.com,9889512411
JITHEESHh J G,mytra_mqdm36@yahoo.com,9889512412
LEKSHMIPRIYA M S,yadgar78@gmail.com,9889512413
SOORAJ VASANTH KUMAR,wygn.krmany@hotmail.com,9889512414
CHRISTEENA ROSE JOHN,pwpk_kakawnd@hotmail.com,9889512415
SRUTHI SS,hwrmnd.mradkhany18@yahoo.com,9889512416
NANDAKUMAR R,mamk.frj90@hotmail.com,9889512417
ROSELYN,shmshad50@yahoo.com,9889512418
DELNA MATHEW,mhrnaz3@gmail.com,9889512419
MANJUSHA M NAIR,glawyz.glpaygany@yahoo.com,9889512420
ALKA M,glpwnh_yadgar41@yahoo.com,9889512421
ROSE MARY,mhdkht.mlkyan19@yahoo.com,9889512422
Joel Jose,lalhdkht79@gmail.com,9889512423
Pramith E.A,zyba_asar78@gmail.com,9889512424
JERIN JOHNSON,shadmhr84@hotmail.com,9889512425
SIBY BABU,glban.alyzmany0@gmail.com,9889512426
PRAVEEN PS,sarng52@hotmail.com,9889512427
MUHAMMED ABEED NABITH,glshyd12@yahoo.com,9889512428
EBIN SEBASTIAN,khawrdkht41@yahoo.com,9889512429
ROSHNI ALPHONSA K.M,jawyd_lajwrdy35@hotmail.com,9889512430
JYOTHI KRISHNA T,prstw88@gmail.com,9889512431
SHERIN JOSEPH,pyam.klbasy12@yahoo.com,9889512432
LIJI SIMON,mhbd73@hotmail.com,9889512433
ASWATHI ANAND NARANATH,sasan62@gmail.com,9889512434
CYRIAC MATHEW,tabandkht56@hotmail.com,9889512435
GEETHU ANN MATHEW,mynwdkht.ghdhnfry@gmail.com,9889512436
ARATHY RAJAN,sarng.nwbkhty24@yahoo.com,9889512437
TOMIN MARKOSE,sanaz_qhstany90@gmail.com,9889512438
JIMMY JOSEPH,hwtn.mhdypwr91@hotmail.com,9889512439
ANU MARIA MAMLA KURIEN,shnd_fhmydh64@yahoo.com,9889512440
NANCY ALFRED,dlaram.mhajrany74@hotmail.com,9889512441
ANTLINE ANTONY,prtw_aqyly@gmail.com,9889512442
ADITHYA TK,shwan_fryad@yahoo.com,9889512443
INDRAJITH G,mhwsh.mjtbwy7@yahoo.com,9889512444
ASHLI BEN,rkhshanh80@yahoo.com,9889512445
JIDHIN JOSE,aawng_aaly@gmail.com,9889512446
ANITTA C BABU,jawyd_myrzadh@hotmail.com,9889512447
SURYA RS,sty29@yahoo.com,9889512448
NEETHU NINAN,kywan_ftahy@hotmail.com,9889512449
AJIN V.L.,zry_alm57@hotmail.com,9889512450
AKHIL VINAYAK R,ghnchh_hrwy@hotmail.com,9889512451
ANUPAMA MOHAN PARAKATE,brzwyh.aaly@yahoo.com,9889512452
RISHANA N,rhy_ftahy@gmail.com,9889512453
DEEPU K,mazyar_fhmydh36@hotmail.com,9889512454
GOWRI KRISHNAN G,shwry_qhrmany81@yahoo.com,9889512455
CHITRA T,shwrangyz_fryad@yahoo.com,9889512456
RIYA  SUSAN OOMMEN,aanahyta_lahwty86@hotmail.com,9889512457
IVIN S PUTHANANGADY,aafrhdkht_maarf29@gmail.com,9889512458
VIGNESH K S,nwshrwan73@yahoo.com,9889512459
ATHIRA M.K.,bnfshh_kdywr41@gmail.com,9889512460
GIREESH KUMAR G,frwtn56@gmail.com,9889512461
CHIPPY S,bhnam_namtzadh@yahoo.com,9889512462
MELWYN N,shwrangyz.nylwfry21@gmail.com,9889512463
VARSHA,hwyda50@gmail.com,9889512464
JOSHMA,nykdad42@gmail.com,9889512465
JITHU S. KUMAR,kara.mwhd@hotmail.com,9889512466
STEFFY,mhnwsh_nyshabwry@hotmail.com,9889512467
ABINASH,twfan.nraqy@yahoo.com,9889512468
SIMI,aathyn84@yahoo.com,9889512469
Aravind Mohan,nwyd_araqy@gmail.com,9889512470
SHRUTHI BABU,frydwn_krymy41@yahoo.com,9889512471
JINU JACKSON,glafrwz_myrdamady@hotmail.com,9889512472
SUCHISMITHA,dyaakw_qhrmany@gmail.com,9889512473
NISHITHA,glrba_araqy12@gmail.com,9889512474
AKHIL BABU,nykkhwah_mjtbayy97@yahoo.com,9889512475
MATHEW PHILIPOSE,frzam.lachyny@hotmail.com,9889512476
RESHMA S,shyrzad.fany28@yahoo.com,9889512477
JEMINIMOL MARKOSE,kawh14@gmail.com,9889512478
ANAND R.V.,aazrm.krmany55@hotmail.com,9889512479
JISHNU V.S,mahwr.kamly@gmail.com,9889512480
POOJA G,hngamh.hmdany@hotmail.com,9889512481
MEHARUNIZA NAZEEM,tws55@yahoo.com,9889512482
SEBIN JOSE,frkhdad7@gmail.com,9889512483
SOUMYA S,dlaara_mfth@hotmail.com,9889512484
ASHOK S. KUMAR,twrtk.aarf82@hotmail.com,9889512485
DINEESH PRAKASH,jhan_araqy54@hotmail.com,9889512486
JEENA JOSEPH,zadchhr_njfy@gmail.com,9889512487
JITHIN EMMANUEL,bhnwd_nyshabwry16@gmail.com,9889512488
JOSEMON V.A,bwzhan_alypwr@gmail.com,9889512489
MERIN SUSAN MATHEW,wyshtasb_marwf95@yahoo.com,9889512490
RINCY ANN LALU,brdya_frj@yahoo.com,9889512491
SANGEETA P,dayan.waaz@hotmail.com,9889512492
JITHIN M,glarh.wkyly@yahoo.com,9889512493
AJITH SINGH,mhry_aqyly@hotmail.com,9889512494
APARNA SURESH,glban_mjthdshbstry38@gmail.com,9889512495
JISI K.S,shyba59@hotmail.com,9889512496
SARANYA MOHAN,sark77@hotmail.com,9889512497
ALWIN JAMES,prychhr68@gmail.com,9889512498
ARTHUR S. DAVID,ywshyta.ylda@yahoo.com,9889512499
R.ABRAN RAJ,gwmatw32@gmail.com,9889512500
DHANYA D,mshknaz.alyasgry31@gmail.com,9889512501
BANU SAFNA,aafr_mhjwby93@gmail.com,9889512502
RINI P.J,krshmh56@hotmail.com,9889512503
BIYA PULLIMOOTIL,shrmyn25@hotmail.com,9889512504
LIZ VARGHESE,frkh_alya22@hotmail.com,9889512505
MARY AMRITHA,glzad.ythrby@hotmail.com,9889512506
SHEENA S. MARY,khrmdkht28@gmail.com,9889512507
THARA MARIA BOBAN,awsta61@hotmail.com,9889512508
ALIF,jryrh8@yahoo.com,9889512509
SUHBATH NISA,glnwaz.hashmy65@hotmail.com,9889512510
AFNA ALIYAR,shhbaz0@yahoo.com,9889512511
SARATH G.S.,rhy_mwswy@hotmail.com,9889512512
NEENA A PANICKER,wrya.mrtdhwy@hotmail.com,9889512513
INDU DHARMARAJ,astr30@yahoo.com,9889512514
SHARMILA RANI P.,shhnwaz29@hotmail.com,9889512515
ABEESHA ABDUL R.K.P,nwshyn_aqyly80@yahoo.com,9889512516
ABLE M PETER,ardshyr10@hotmail.com,9889512517
ANAND HARIDAS,razhanh_kawyany@yahoo.com,9889512518
CIJO JOSE V,hyrbd_ylda@gmail.com,9889512519
AJMAL JAMAL,shkwfh_hmt32@hotmail.com,9889512520
RINU,shyryn_mwswyan72@gmail.com,9889512521
PRINCE,nwshdkht.mfth@yahoo.com,9889512522
RATHISH,zadchhr_hwshyar79@yahoo.com,9889512523
REMYA,shkwfh48@yahoo.com,9889512524
SNEHA PREM,shhrnaz52@gmail.com,9889512525
GOWRI,lbkhnd_maarf20@hotmail.com,9889512526
ABIN RAVI,khram_waazy@hotmail.com,9889512527
JOEL VARGHESE GEORGE,shbnm_alya13@gmail.com,9889512528
ALPHA JOSE,nykpy67@yahoo.com,9889512529
MITHUNA PUTHIYAVALAPPIL,nrmyn28@hotmail.com,9889512530
ARUN PAUL,yasmn_waazzadh48@hotmail.com,9889512531
JITHIN M.,tnaz.mhjwby@hotmail.com,9889512532
LIJO JOSEPH,nazprwr_hashmy63@gmail.com,9889512533
PRAISEY ABRAHAM,wamq.lajwrdy@hotmail.com,9889512534
TIBIN JOSEPH,jhan_aqyly47@yahoo.com,9889512535
ARUN M.K.,frkhpy_mjtbayy76@gmail.com,9889512536
ANUSREE N.P.,bnfshh_lachyny@hotmail.com,9889512537
NEETHU CHANDRAN C P,glandam_mjthdshbstry67@yahoo.com,9889512538
NITHEESH R,spnta.aaly15@gmail.com,9889512539
VIJITHA P,frshth97@yahoo.com,9889512540
PRAVITHA P.S,shhla.hmaywn@yahoo.com,9889512541
LIJA JOHN,frkhlqa52@gmail.com,9889512542
VIVEK S.,kykawws24@hotmail.com,9889512543
DONIAMOL MANI,mhnaz77@hotmail.com,9889512544
GATHU K. RAJAN,amyd_mjahd@gmail.com,9889512545
GIREESH GOPINATH,aaryamhr3@yahoo.com,9889512546
JINESH P,zhalan_hraty@yahoo.com,9889512547
RINU,dawr53@gmail.com,9889512548
SANGEETHA K,frywsh.marwf@hotmail.com,9889512549
SREENATH GOPI,nysha.nraqy@yahoo.com,9889512550
VISHNU P,nazaafryn7@gmail.com,9889512551
ALIF,awsta_mrtdhwy@hotmail.com,9889512552
ASHER THOMAS,hmaywn_abdalkrymy@yahoo.com,9889512553
BIYA PULIMOOTIL,rham_msbahzadh75@yahoo.com,9889512554
VARGHESE CHERIAN,glbanw_ghny@hotmail.com,9889512555
ABINA MENACHERY,arghwan62@hotmail.com,9889512556
JEFFRIN JOSEPH,nwshdkht_nwbkhty7@gmail.com,9889512557
SANGEETHA P,aarmyta20@hotmail.com,9889512558
JINTA JACOB,zmanh_mhajrany@gmail.com,9889512559
SOORAJ,kamnwsh.fnyzadh@gmail.com,9889512560
JASMINE,rwbyna22@hotmail.com,9889512561
ROHIT RAJ,rhy92@yahoo.com,9889512562
NITHIN JAMES,bhrkh.marwf67@gmail.com,9889512563
LINTA K PHILIP,khshayar.hmt@yahoo.com,9889512564
LIJI K LEVI,kywandkht_qanay@hotmail.com,9889512565
DANI MATHEW,shyrdl_waaz81@yahoo.com,9889512566
BINCY CHACKO,gylda.wkyly61@gmail.com,9889512567
SUBIN SEBASTIAN,hmdm_lnkrany@hotmail.com,9889512568
ABIN RAVI,srwr.aaly8@hotmail.com,9889512569
ATHIRA K.S,danwsh_qmyshy56@yahoo.com,9889512570
DEVI NARAYAN,nazly_aashwry@gmail.com,9889512571
Suhail k,grshasb86@yahoo.com,9889512572
Jisheed D,aarsham.alm@hotmail.com,9889512573
Sanoop E P,sahy.mjthdshbstry@yahoo.com,9889512574
SUNIL SUNNY,mynwfr.wkyly50@hotmail.com,9889512575
ABHILASH K. PILLAI,lhrasb34@yahoo.com,9889512576
GOKUL RAJAN,lbkhnd.kmaly@hotmail.com,9889512577
RAIZA SAMAD,mnyzhh70@yahoo.com,9889512578
NISHANT ROY,rabw.frwtn82@gmail.com,9889512579
LOVELY LATIF,hkhamnsh28@yahoo.com,9889512580
JOHNCY ANNA JOHN,mhwsh21@gmail.com,9889512581
SURYA K.S,pshng.aqyly39@hotmail.com,9889512582
ROHIL JUSTIN,khwrshyd.krmany@gmail.com,9889512583
DONA CHACKO,twty_mrtdhwy19@yahoo.com,9889512584
BENNY AMALADASAN,shwan_khnmwyy6@gmail.com,9889512585
ACHU A.R,pwlad95@yahoo.com,9889512586
ANU THOMAS,zhalh.ythrby@yahoo.com,9889512587
KIRAN.S,frwd.qadhy8@hotmail.com,9889512588
NEETHU CHANDRAN C P,rabyn.mjtbwy84@hotmail.com,9889512589
ANSAR A.R,zhalan_kakawnd@hotmail.com,9889512590
TERESE JOSEPH,dlaawyz42@yahoo.com,9889512591
SHILNA MANOHAR,kywandkht18@gmail.com,9889512592
JOHN ANTO,aartyn_mddy73@hotmail.com,9889512593
JANET JOSE ABRAHAM,swzh71@hotmail.com,9889512594
SANJU S K,twran.mlkyan@gmail.com,9889512595
NAVEEN NANDAKUMAR,asfndyar.mayn17@gmail.com,9889512596
STEPHY GEORGE,swrn79@gmail.com,9889512597
SIJU BABU B,swgnd.mhdthy44@gmail.com,9889512598
SHANID T L,nwshfr_mftah@hotmail.com,9889512599
APARNA SEKAR,nwsh_abdalkrymy@yahoo.com,9889512600
SEENA MATHEW,hwrdad.mlayry95@gmail.com,9889512601
SREENATH.S,swbar_hmt74@gmail.com,9889512602
KHALEEL KHALID ARATTUTHODIKA,tyna_frj18@hotmail.com,9889512603
DIVYA.C.BABU,khawrdkht75@gmail.com,9889512604
REMYA R,khwrshyd.mlkyan@gmail.com,9889512605
BISMITHA.V.VINCE,nykdad_qhrmany@hotmail.com,9889512606
RAJEEV P.H,aabtyn70@hotmail.com,9889512607
TIJU V JOSEPH,frywsh25@hotmail.com,9889512608
MONISHA J,glrw.alyasgry87@hotmail.com,9889512609
JERRY JOHN,chhrzad.mwswy@hotmail.com,9889512610
PARVATHY S.VARMA,lqaa.nwab43@hotmail.com,9889512611
SHERIN ANN BABU,kyqbad84@yahoo.com,9889512612
AJAY P R,tyna_hashmy@hotmail.com,9889512613
NEHA STEPHEN,zyma.hashmyan@hotmail.com,9889512614
SRUTHI A,aartam49@yahoo.com,9889512615
SHERIN CHACKO,mhraab.nazry75@yahoo.com,9889512616
NAYANA MOHAN,darab79@hotmail.com,9889512617
APARNA SEKAR,nykpy_abdalkrymy73@hotmail.com,9889512618
SEENA MATHEW,brzyn72@yahoo.com,9889512619
SREENATH.S,mzhdh97@yahoo.com,9889512620
KHALEEL KHALID ARATTUTHODIKA,ayaz_waaz@yahoo.com,9889512621
DIVYA.C.BABU,jhandkht.mlk@yahoo.com,9889512622
REMYA R,starh.mhmdy@gmail.com,9889512623
BISMITHA.V.VINCE,prysa23@yahoo.com,9889512624
CHARLY M GEORGE,chwbyn.qhstany@hotmail.com,9889512625
VISHNU RAJ,prwanh.yahqy53@yahoo.com,9889512626
THURGA B,nsryndkht92@hotmail.com,9889512627
JINCY SARA THOMAS,hwman.mwswy0@gmail.com,9889512628
SIJO G OOMMEN,nykkhwah_kdywr@gmail.com,9889512629
ARUNDEEPAK,yzdan.kymyayy@hotmail.com,9889512630
NIMPTHA JACOB,whrz.mwhd15@yahoo.com,9889512631
JOB M THOMAS,mhrdkht_mfth41@yahoo.com,9889512632
VAISAKH GOPAL,hwnam.framrzy@gmail.com,9889512633
GAYA CP,pwpk.yahqy20@yahoo.com,9889512634
PRANAV S KURUP,shhnwaz_kdywr46@hotmail.com,9889512635
SAJEEV.K,aartmn_frj@hotmail.com,9889512636
SANDRA S,aazyta_kyan22@yahoo.com,9889512637
VINITHA V PRABHU,makan_mwswy83@hotmail.com,9889512638
ASWINDEV.T.D,ramtyn_ylda@hotmail.com,9889512639
TEENA THOMAS,shbdyz39@hotmail.com,9889512640
SANGITA S,nstrn45@yahoo.com,9889512641
LIBINA ROSE SEBASTIAN,darywsh36@hotmail.com,9889512642
POOJA RAICHEL THOMAS,ashkbws_msahb60@hotmail.com,9889512643
DERSANA KRISHNAN,bhzad19@hotmail.com,9889512644
BESTIN JAMES MONICKAM.J,namwr51@yahoo.com,9889512645
GRIBIN JOSEPH,nsrynnwsh.aarf@gmail.com,9889512646
MARIA JOSE,ghwgha50@yahoo.com,9889512647
JOSELIN JOSEPH,tyrdad_qanwny@gmail.com,9889512648
DIPTI VARMA,hwrmnd19@gmail.com,9889512649
MAGGIE M S,aawng12@hotmail.com,9889512650
MRUDUSH.C,rasa.hwshyar64@hotmail.com,9889512651
TEDDY KURIAN,zry.alm@gmail.com,9889512652
SIVANAND.N.S,mhrdkht.hashmy@yahoo.com,9889512653
AYYANAR.N,shyrzad_glmhmdy@hotmail.com,9889512654
KANNAN G KRISHNAN,gwhrnaz_frj94@yahoo.com,9889512655
ALLEN JOSEPH,frjad_aarf@yahoo.com,9889512656
SIRONA SAJI,brzwyh_mhdypwr3@hotmail.com,9889512657
ANU.S,shwan57@gmail.com,9889512658
VEENA C N,frngys_alya21@yahoo.com,9889512659
AARATHI VIKAS,aarmyta80@yahoo.com,9889512660
ALPHY M GEORGE,mhrzadh77@hotmail.com,9889512661
VARUN SATISH,mhraathr_frhng90@hotmail.com,9889512662
RAHUL.T.R,sty.alyzmany19@gmail.com,9889512663
NEENU MATHEW,kywandkht19@gmail.com,9889512664
NIIKHIL T.M,darywsh_ythrby@gmail.com,9889512665
SRUTHY A PILLAI,glnwsh.hwmn48@yahoo.com,9889512666
JAYAKRISHNAN.A,aarsh20@gmail.com,9889512667
VISHNU.V.S,sahy.farsy@gmail.com,9889512668
CERIN ELIZABETH GEORGE,bhdad_aqyly74@yahoo.com,9889512669
JINCY THOMAS,kawws44@yahoo.com,9889512670
K.SHARIKA,jmshyd_almalhdy31@hotmail.com,9889512671
NEENA N,prywsh78@yahoo.com,9889512672
SNEJI MARIYAM SAMUEL,pdram.hashmy@gmail.com,9889512673
NIDHA ANTONY,fryman_hmdany@gmail.com,9889512674
PRIYA GEORGE,nrgs.msbah@gmail.com,9889512675
VIDHYA R,ktaywn_khnmwyy@yahoo.com,9889512676
ANJALY THOMAS,glpwnh67@gmail.com,9889512677
REESHNA.T,dwrshasb.mjthdy@yahoo.com,9889512678
VIPIN P.V.,mstanh.kamly41@hotmail.com,9889512679
JULIE MARY MATHEW,chawsh_mrtdhwy@yahoo.com,9889512680
DEEPU P MATHEWS,khrmdkht.lwks34@hotmail.com,9889512681
JOGY JOSEPH,chhrzad59@hotmail.com,9889512682
THOMAS N.T,sarh33@hotmail.com,9889512683
ANJU VARGHESE,chhrzad.maarf97@yahoo.com,9889512684
SHAMNA N,prwanh9@gmail.com,9889512685
ANU JOSEPH .K,frwz.frshydwrd@hotmail.com,9889512686
JINOSH K CHACKO,mhnwsh.lwks32@yahoo.com,9889512687
LIFNA K SUBRAMANIAN,hzhyr36@hotmail.com,9889512688
RASHMI KP,dybadkht_fatmy@gmail.com,9889512689
NITIN SADANAND,shyrng96@yahoo.com,9889512690
DEEPA SREERAJ,zrngar_fnayy25@hotmail.com,9889512691
CHINCHU.L,glpwsh_mnwchhry@yahoo.com,9889512692
ATHIRA VIJAYAN,shahdkht.mjrd65@yahoo.com,9889512693
VINNY S DEV,saghr7@yahoo.com,9889512694
NEENU MERRY TOM,gwdrz.almalhdy@gmail.com,9889512695
ANUJA ANTONY,twran68@hotmail.com,9889512696
ASWATHI P RAJ,grdan.hmaywn@gmail.com,9889512697
JAISON K THOMAS,ksry.mzfr53@gmail.com,9889512698
SREERAJ S CHIRACKAL,mhrdad.mfth@gmail.com,9889512699
SACHIN R.S,wyshtasb.ythrby@gmail.com,9889512700
PRAVEEN KRISHNAMOORTHY,frzam_mjthdshbstry@yahoo.com,9889512701
GREESHMA R NAIR,nazfr_mradkhany74@yahoo.com,9889512702
BUNAISA MOL P.B.,ghrchhr73@gmail.com,9889512703
TREESA SUSAN JAMES,rawyar88@gmail.com,9889512704
SYAMKUMAR.S,zybar.fnayy7@yahoo.com,9889512705
MONISHA MOHAN,mhrdkht.krdbchh10@yahoo.com,9889512706
GEETHU VIJAYAN,mhrnkar16@gmail.com,9889512707
VYBHAV.PM,glbrg13@hotmail.com,9889512708
NITIN DOMINIC,zry_mwswy@gmail.com,9889512709
RESHMA MURALI,nysha.wkyly@hotmail.com,9889512710
SANI.A.S,ksry46@gmail.com,9889512711
JITHIN K.GEORGE,glbyz_abdalmlky88@hotmail.com,9889512712
JINO CHACKO,zhyar.alyasgry@gmail.com,9889512713
DICKSON XAVIER,shhla_mjtbayy36@yahoo.com,9889512714
THASNA E M,khsrw_klbasy@yahoo.com,9889512715
AIMEY.P,bhram.kwshky83@hotmail.com,9889512716
MURINGATHERY DON DAVID,kamnwsh15@hotmail.com,9889512717
KANNAN G.P,glpry49@yahoo.com,9889512718
RAKHI G,hma.mayn@yahoo.com,9889512719
BINITHA.K.NAIR,ardwan.mayn@hotmail.com,9889512720
JIM ALEX,mana_kashy61@hotmail.com,9889512721
JINU.P.SURENDRAN,manya_kamly50@gmail.com,9889512722
ZAFER AM,mrmr.hmt@yahoo.com,9889512723
TOM JOSE,aathyn.qmyshy@gmail.com,9889512724
NIVY RACHEL THOMAS,twzhal81@gmail.com,9889512725
HANYMOL H.A,grdaafryd.kwshky50@yahoo.com,9889512726
GANGA RANI R,jhanbkhsh.ghny31@hotmail.com,9889512727
RESMI RAJAN,jamyn_yadgar36@yahoo.com,9889512728
LIGINLAL K. JOSEPH,nwsha_mjahd@hotmail.com,9889512729
DILIP LAZAR,sphr90@yahoo.com,9889512730
NIDHISH PS,chawsh97@hotmail.com,9889512731
REKHA MOHAN,glpr_fatmy@yahoo.com,9889512732
RITTY THOMAS,mhsyma_nwab26@gmail.com,9889512733
AHILA ARAVIND,aathyn.aashwry81@gmail.com,9889512734
DIVYA M R,aaryafr.hmdany77@yahoo.com,9889512735
HAALA MAMMED,bhdys.abdalmlky86@yahoo.com,9889512736
SHEEN VARGHESE .M,ngyn_kmaly@hotmail.com,9889512737
RAHUL R,glpwsh.nraqy@yahoo.com,9889512738
FATHIMA S,frdys.nhawndy@hotmail.com,9889512739
AJUMAL.E,nwyndkht.myrzadh47@hotmail.com,9889512740
ANOOJ M,frbgh85@yahoo.com,9889512741
CHETHANA BHASKARAN,glaathyn_klbasy@hotmail.com,9889512742
ANU CHERIAN,grsha_msahb@yahoo.com,9889512743
SANDRA JOSE,zyba_qmyshy28@hotmail.com,9889512744
JITHIN SEBASTIAN JOJI,spnd_qanwny@hotmail.com,9889512745
VAISAKH R,zynw14@hotmail.com,9889512746
JIJO K ANTONY,bhrng.wkyly@hotmail.com,9889512747
SHAMBAVI .S,twty31@hotmail.com,9889512748
DIVYA CYRIAC,ayrj91@hotmail.com,9889512749
LINTU THOMAS,glzar_namtzadh59@yahoo.com,9889512750
PRIYA GEORGE,bkhtyar_qhstany@gmail.com,9889512751
GEO JOHN,khshayar92@gmail.com,9889512752
SOMY SUSAN KURUVILLA,mrzban76@gmail.com,9889512753
VISHNU SASI,frzyn.hashmyrfsnjany1@yahoo.com,9889512754
ROSHAN STEPHEN,shbahng2@yahoo.com,9889512755
SOMA.A.JANARDHANAN,frdad17@hotmail.com,9889512756
JOBIN JOSEPH,gwdrz24@gmail.com,9889512757
BIJI A,khram.fryad14@gmail.com,9889512758
LAKSHMI DEVI,shbahng_nazry@hotmail.com,9889512759
RASIYA MUHAMMED,frwd.kymyayy@hotmail.com,9889512760
JASYN SUSAN MATHEW,frwtn.azyzy91@hotmail.com,9889512761
REMYA K.V.,zryn.qmyshy@gmail.com,9889512762
AMRITA NAIR C,nrmyn0@hotmail.com,9889512763
EDU VISWAM,aazrm.myrzadh@gmail.com,9889512764
NIRMALA.C,frkh.fryad4@hotmail.com,9889512765
FAIZAL.N,dyba_frj67@hotmail.com,9889512766
SRIRAM.R,wrjawnd92@yahoo.com,9889512767
BETSY MATHEW,zadbh21@yahoo.com,9889512768
MIRZA SHAMS,sam.alypwr68@gmail.com,9889512769
JISHA MARIAM SAJU,frydkht31@hotmail.com,9889512770
DIVYA .P,shrmyn.kymyayy60@gmail.com,9889512771
NAMITA THOMAS,glbw_mhmdy@yahoo.com,9889512772
RASNA P,astr.krdbchh15@gmail.com,9889512773
GIFTY SUSAN JAMES,nda89@yahoo.com,9889512774
HAPPY SASEENDRAN,frynwsh75@gmail.com,9889512775
KARTHIKA,frwzan60@yahoo.com,9889512776
SURYA JOHN CHRISTINA,dlnwaz.aaly@hotmail.com,9889512777
ACSA.P.CLEMIS,hyrbd.gnjy@gmail.com,9889512778
STEFFI PHILIP MULAMOOTTIL,glnwsh.myrdamady@hotmail.com,9889512779
MANU.N.V,saghr.alyaabady21@hotmail.com,9889512780
NIKHITHA K.B,kambkhsh.klbasy@gmail.com,9889512781
MATHEW PHILIP A,jhanbanw.wathqy@yahoo.com,9889512782
AJEENA THOMAS,lalhrkh.krdbchh@hotmail.com,9889512783
TEENA GEORGE,glzar78@hotmail.com,9889512784
FEBIN TOMY,twfan.qanwny59@hotmail.com,9889512785
AJITH B. MALIACKAL,anwshrwan.aaly@yahoo.com,9889512786
LINJU P B,mhbanw_kymyayy33@gmail.com,9889512787
JUBIN JOSEPH,yzdan61@yahoo.com,9889512788
SREELEKSHMI R,nrmyn_mqdm11@hotmail.com,9889512789
RAHUL RAJENDRAN,prydkht.alyzmany89@hotmail.com,9889512790
SHINU JACOB,shhab97@gmail.com,9889512791
VANDANA V,radbanw.qanwny86@gmail.com,9889512792
TONY JOSE,whrz.hmdany@gmail.com,9889512793
NAMSHID A.V,danwsh16@hotmail.com,9889512794
KEVIN KORAH ABRAHAM,shady24@yahoo.com,9889512795
BIYAMOL BABU,aazadh22@gmail.com,9889512796
Midhun Raj R,frdys_qmyshy@gmail.com,9889512797
MARIYA TOMY,mhrnkar_mnwchhry6@hotmail.com,9889512798
ANOOP.C,darywsh.aarf@gmail.com,9889512799
SAJEEV P V,khbd.myrspasy50@yahoo.com,9889512800
NEHA GOPAL,nazprwr.mhmdy32@yahoo.com,9889512801
YEDU KRISHNAN B,mnyzhh.mhajrany@hotmail.com,9889512802
TEVIN JOSEPH K.O,sark.mhajrany53@yahoo.com,9889512803
KEVIN SEBASTIAN FERNANDEZ,ramyar.qmyshy76@yahoo.com,9889512804
ABDUL RAHMAN SHANAZ KAPIL,brzw.araqy19@yahoo.com,9889512805
ANUJA M V,hyrmnd43@gmail.com,9889512806
JITHA S KUMAR,nwshfr_mhmdy@hotmail.com,9889512807
AJAYSREEDHAR.M.R,twfan.hwmn@gmail.com,9889512808
LIJIN P. JOHN,zawa.nwab@hotmail.com,9889512809
BOBBY SEBASTIAN,glnaz_anayt65@gmail.com,9889512810
TANIA THOMAS THEVARCAD,jwan_hashmyrfsnjany71@yahoo.com,9889512811
RAHUL RAJAN,tajy31@yahoo.com,9889512812
NAYANA JOSE,grsha.krmany82@gmail.com,9889512813
NAVEEN DEENA THOMAS,banw76@hotmail.com,9889512814
MINTY BABY,mahbrzyn91@gmail.com,9889512815
MEERA J PAI,hwrtash_nazry@yahoo.com,9889512816
JINU KURIAN,srafraz.msahb@yahoo.com,9889512817
GEETHU SUNNY,pwya86@yahoo.com,9889512818
FAHAD VALLANCHIRA,nwsha91@yahoo.com,9889512819
BINYAMIN,dnya_abdalkrymy@yahoo.com,9889512820
BINSA PAUL,shmshad_marwf@hotmail.com,9889512821
ARCHANA P V,glandam.almalhdy@hotmail.com,9889512822
APARNA V.NAIR,twrj_mwhd93@gmail.com,9889512823
KARTHIKA.I,rkhshanh_ndwshn62@yahoo.com,9889512824
JITHIN.PRAKASH,mynwdkht.wathqy@hotmail.com,9889512825
ANN SUSAN BABU,pwya.azyzy12@hotmail.com,9889512826
HIBA AZEEZ P,hwrdad_frshydwrd@yahoo.com,9889512827
ANURADHA.J,rwzbh.mayn11@hotmail.com,9889512828
NEETHU.S,glnaz.hashmy78@yahoo.com,9889512829
LAYA JACOB,swsn75@hotmail.com,9889512830
VIJI VARGHESE,anwshrwan.fnyzadh43@gmail.com,9889512831
ADARSH. V. S,bhram.krmany9@yahoo.com,9889512832
DEEPTHI WILSON,hytasb.maarf@gmail.com,9889512833
MELVIN JOSEPH MANI,shrwyn13@gmail.com,9889512834
DENNIS VARKEY ROY,nadr.ythrby20@hotmail.com,9889512835
BABUL MATHEW,zry.glmhmdy77@gmail.com,9889512836
VINEETHA NARAYANAN,shhrh15@hotmail.com,9889512837
SUBIN T CHETHIMATTOM,nsrynnwsh13@hotmail.com,9889512838
LEKSHMI.U.S,pzhman8@hotmail.com,9889512839
JYOTHIS ULAHANNAN,frbd74@yahoo.com,9889512840
JUBY SARA KURUVILLA,dyaakw.mlk@yahoo.com,9889512841
SREELAKSHMI.N,glchyn_mhdthy@gmail.com,9889512842
NEETHU JOSE,frzan51@hotmail.com,9889512843
ASHISH.C,nrgs_nwbkht@hotmail.com,9889512844
JITHIN I.V,dyanwsh55@gmail.com,9889512845
SHINOJ.VM,swlmaz.myzbany39@gmail.com,9889512846
JITHIN MATHEW,nykdad_hrwy47@hotmail.com,9889512847
MERIN GEORGE,radbanw_mfth94@yahoo.com,9889512848
SHARON MERIN JOSE,mhjbyn_alyasgry65@hotmail.com,9889512849
RESHMA G NAIR,shmyla_fatmy@yahoo.com,9889512850
JESTIN GEORGE JACOB,pyrwz.hashmyrfsnjany@hotmail.com,9889512851
GEETHU JOY,barbd.ndwshn36@hotmail.com,9889512852
FEBY ELSA VARGHESE,frkh.mnwchhry@gmail.com,9889512853
GANESH V K,hwyda65@yahoo.com,9889512854
RAMESH.K.R,prychhr.fnayy66@hotmail.com,9889512855
Nirmal Therese Sunny,tyna.nwbkht@yahoo.com,9889512856
Saranya T T,aathyn_mddy98@hotmail.com,9889512857
Rahul Mohan,sayna81@yahoo.com,9889512858
Juby Mariam John,dlnwaz.aarf95@gmail.com,9889512859
SIJU PUSHKARAN,rasa.kamly15@hotmail.com,9889512860
R RAJESH KUMAR,glpr24@hotmail.com,9889512861
Biby Mathew,kyan_mlkyan@yahoo.com,9889512862
Divya Sadanandan,frnwd_mwhd12@gmail.com,9889512863
SANEEJA THOMAS,sark_mjtbayy@hotmail.com,9889512864
SOORAJ S R,maral.mjtbayy@yahoo.com,9889512865
JUSTIN K GEORGE,mhrwz.alyzmany@gmail.com,9889512866
RIYA VARGHESE,hwmn.mfth1@yahoo.com,9889512867
ATHUL MOHAN,thmwrth.msha@gmail.com,9889512868
RITU ANN CHERIAN,gldys_kakawnd@yahoo.com,9889512869
JEBIN ABRAHAM,wamq.mlayry@gmail.com,9889512870
DIANA P C,manya.mjrd@hotmail.com,9889512871
SHERY JOYA JOHN,tabandkht.mstwfy91@yahoo.com,9889512872
LINI ELSA ABRAHAM,rawyar_qanwny@gmail.com,9889512873
LIGIN JOSEPH,maral_msbahzadh36@yahoo.com,9889512874
BINSY P,jmshyd18@gmail.com,9889512875
ARUN M.S,ashkan_hmt69@gmail.com,9889512876
ANNAMMA DOMINIC,byzhn_abdalkrymy@gmail.com,9889512877
NINA SARA JOHN,many29@yahoo.com,9889512878
RESHMI NARAYANAN,sybwbh.hwmn72@gmail.com,9889512879
SANJAY KARUN,shrarh.abady@yahoo.com,9889512880
HARSHA MANASA J S,zal90@yahoo.com,9889512881
RAM NS,yawr87@gmail.com,9889512882
MEERA THOMAS,shbahng.nylwfry65@yahoo.com,9889512883
JOBISH PS,shyrw85@yahoo.com,9889512884
SOUMYA RACHEL MATHEW,shbnm_mstwfy81@hotmail.com,9889512885
PREJI P,kamran.framrzy39@hotmail.com,9889512886
NINU MARIA ANDREWS,glrkh.myrbaqry87@gmail.com,9889512887
DHANYA JAMES,wys_myzbany@yahoo.com,9889512888
MANOJ MATHEW,kamjw.msha@gmail.com,9889512889
ESSY CHARLEY C,frwtn.myrzadh@hotmail.com,9889512890
VYSHAK RAJ M P,mahbrzyn68@hotmail.com,9889512891
DEEPADAS S,hywa_kyan@hotmail.com,9889512892
ANJANA MOHAN,frwd.mayn@gmail.com,9889512893
JIMNA C,prnaz.kymyayy54@gmail.com,9889512894
DIVYAMOL MATHEW,hmdm.waaz17@yahoo.com,9889512895
BETSY GEORGE,kywandkht_mwswy49@yahoo.com,9889512896
ANJANA R,grshasb.azyzy51@gmail.com,9889512897
SUNU.J.B,bwyan_aashwry@yahoo.com,9889512898
CHINU ALEX,nsrynnwsh_frj86@hotmail.com,9889512899
NEENU SUSAN JOHN,mhranfr.mjthdshbstry@yahoo.com,9889512900
RESHMA SUNNY ABRAHAM,banw64@yahoo.com,9889512901
SANTHARAM. S,barbd_maarf10@gmail.com,9889512902
PRAVEEN P R,pzhwa8@gmail.com,9889512903
SUZEN SAJU KALLUNGAL,barman32@gmail.com,9889512904
RIYA ELZA KOSHY,kywmrth_abdalkrymy72@gmail.com,9889512905
RESHMI.V.K,aazrm_mnwchhry@gmail.com,9889512906
NEETHU SIMON,shmshad_mhdypwr17@gmail.com,9889512907
NAYANU.KV,mhsyma.mhjwb33@gmail.com,9889512908
SHARLET JOSEPH,mrdas91@gmail.com,9889512909
ANANDU J,glrkh_lahwty78@yahoo.com,9889512910
MINTU VARGHESE,nazbanw_kwshky@yahoo.com,9889512911
R.MANIKANDAN,hma.mrtdhwy@yahoo.com,9889512912
KEWIN GEORGEY MAYHEWS,mrmr.wathqy@hotmail.com,9889512913
SHILPA V PURUSHOTHAMAN,ngarh81@yahoo.com,9889512914
PREETHA. A,bhdad95@yahoo.com,9889512915
KRISHNAPRASAD.N,mahzad_mlkyan72@yahoo.com,9889512916
ANOOP M. M.,darywsh_lwks@hotmail.com,9889512917
MOHAMED SAJIN K C,swgnd_qhstany62@yahoo.com,9889512918
NISHANT .A,glarh_aarf@gmail.com,9889512919
KRISHNAPRIYA.C.H,zhyar.ghny@hotmail.com,9889512920
BINCY THOMAS,fda.ylda46@yahoo.com,9889512921
AFSAL.B,nwyn.farsy90@gmail.com,9889512922
TOM MATHEW,hwrzad.aaly10@gmail.com,9889512923
PREDHIN TOM SAPRU,hngamh61@gmail.com,9889512924
MOHAMMED BINAS M,glpwsh70@yahoo.com,9889512925
KAMAL NARENDRAN MENON,bamshad32@hotmail.com,9889512926
KARTHIK BALAKRISHNAN,mahan.aarf@hotmail.com,9889512927
BALA MURUGAN.K,parsa.msahb@yahoo.com,9889512928
SHANKAR J,nwshrwan_yadgar@hotmail.com,9889512929
SANDEEP.K,kanyar60@hotmail.com,9889512930
ARUN KUMAR T.,dawr_hwmn@hotmail.com,9889512931
SARAVANA KUMAR.K,chalak43@hotmail.com,9889512932
SHAHID UMMER,aazrm32@hotmail.com,9889512933
SANDEEP MJ,sana_mlayry0@hotmail.com,9889512934
PRASIN DEV,prtw_araqy@yahoo.com,9889512935
PRAJITH P,mhrnaz.ndwshn13@yahoo.com,9889512936
NITHIN JACOB,nwa_kmaly77@hotmail.com,9889512937
JACOB PAUL,glbhar_nazry88@gmail.com,9889512938
DEEPAK.K,hmraz_hashmy@yahoo.com,9889512939
SARAVANAN V,bhshad.aashwry70@hotmail.com,9889512940
AJIS V.K.,nda.nwbkht99@hotmail.com,9889512941
VITHYAKAR V,kyandkht_alya@hotmail.com,9889512942
SOUMYA. K,mahandkht_abady@yahoo.com,9889512943
KRITHIKA MANEEVANNAN,hwnam.yahqy@gmail.com,9889512944
BAYYANA SRI DUTT,danwsh_aqyly@gmail.com,9889512945
DINOOP DIVAKARAN,glnar_namtzadh@hotmail.com,9889512946
MEERA THOMAS,manya47@hotmail.com,9889512947
JOBISH PS,mahbrzyn71@gmail.com,9889512948
SOUMYA RACHEL MATHEW,mhsa_namwr@hotmail.com,9889512949
PREJI P,glryz73@gmail.com,9889512950
NINU MARIA ANDREWS,zry_qhrmanyan30@gmail.com,9889512951
DHANYA JAMES,ghwgha.waazy@hotmail.com,9889512952
MANOJ MATHEW,nazy.anayt@yahoo.com,9889512953
ESSY CHARLEY C,shyrng.mhdypwr@hotmail.com,9889512954
VYSHAK RAJ M P,frman83@yahoo.com,9889512955
DEEPADAS S,aazadh.hdayt@hotmail.com,9889512956
JIMNA C,grdaafryd_lahwty@yahoo.com,9889512957
DIVYAMOL MATHEW,twrj_mayn@hotmail.com,9889512958
BETSY GEORGE,mhrwz_aashwry@gmail.com,9889512959
ANJANA R,jhannaz.msbah8@hotmail.com,9889512960
SUNU.J.B,kyawsh_fwladwnd@gmail.com,9889512961
CHINU ALEX,nylwfr_mlayry19@gmail.com,9889512962
NEENU SUSAN JOHN,hwrzad_mqdm@gmail.com,9889512963
RESHMA SUNNY ABRAHAM,hwr60@hotmail.com,9889512964
SANTHARAM. S,mhyn30@yahoo.com,9889512965
PRAVEEN P R,frydwn_alyzmany46@hotmail.com,9889512966
SUZEN SAJU KALLUNGAL,frnwd.qmyshy2@yahoo.com,9889512967
REMYA RAJU,aatwsa_maarf50@hotmail.com,9889512968
S.B.HARILAL,glbar_abdalmlky@gmail.com,9889512969
RIYA ELZA KOSHY,dlshad.mthry@yahoo.com,9889512970
RESHMI.V.K,mhnaz87@yahoo.com,9889512971
NEETHU SIMON,yadgar29@gmail.com,9889512972
NAYANU.KV,arzhn_wathqy17@hotmail.com,9889512973
SHARLET JOSEPH,prnya_qhrman37@yahoo.com,9889512974
ANANDU J,kykawws.nqybzadh19@yahoo.com,9889512975
MINTU VARGHESE,nazfr6@yahoo.com,9889512976
R.MANIKANDAN,aabandkht_kamly@hotmail.com,9889512977
KEWIN GEORGEY MAYHEWS,sayna.mfth24@yahoo.com,9889512978
SHILPA V PURUSHOTHAMAN,mhrafryn_aqyly@gmail.com,9889512979
PREETHA. A,glshn_qhstany84@gmail.com,9889512980
KRISHNAPRASAD.N,ard_msha46@hotmail.com,9889512981
A.SUNDARAM A,twrj.msahb54@hotmail.com,9889512982
SALIN MATHEW,nstrn3@gmail.com,9889512983
TIJI.P.THOMAS,jaban14@hotmail.com,9889512984
TIJO.P.MATHEWS,rwbyna_mradkhany@hotmail.com,9889512985
DEEPA D,dlrba88@gmail.com,9889512986
PARVATHY.S,glbrg_myzbany@gmail.com,9889512987
PARVATHY.S,dwrshasb66@yahoo.com,9889512988
REKHA H,chalak.asar@gmail.com,9889512989
GEONA ANTONY,ktaywn_hashmyan67@gmail.com,9889512990
ANITA CANCIUS,mhsyma_nqybzadh71@hotmail.com,9889512991
JYOTSNA JOSE,mhtab_qhrman97@yahoo.com,9889512992
ANU BABU,glrng_maarf@yahoo.com,9889512993
ANEENA SUSAN THOMAS,frzyn52@hotmail.com,9889512994
FASEELA TP,nadr96@yahoo.com,9889512995
VINITHA JAMES,sarng_nylwfry22@hotmail.com,9889512996
SARATH S P,makan68@yahoo.com,9889512997
JINCY.J.HENDRY,nazy64@yahoo.com,9889512998
CHIPPY MATHEW,ramsh.mrtdhwy45@yahoo.com,9889512999
LEKSHMI PRIYA,bichthao39@yahoo.com,9889513000
PREMJITH,ngoccam.dinh46@gmail.com,9889513001
MANU V KURUP,caonghiep25@gmail.com,9889513002
ANZEL JAMAL,binhquan88@hotmail.com,9889513003
NIZA JIBSSA MEHABOOB,quochoang19@hotmail.com,9889513004
PALLAVI MENON,minhphuong.mai@hotmail.com,9889513005
BINI.P,caoky_lam@gmail.com,9889513006
ANU.S.NAIR,duyenmy_to64@yahoo.com,9889513007
AKHIL VIJAY,vietthang_pham@yahoo.com,9889513008
TRISHA JOSE,thixuan43@yahoo.com,9889513009
TEENA SUSAN RAJU,thachson_hoang@gmail.com,9889513010
SREEJA T.J,mailien47@hotmail.com,9889513011
SHIMA V SABU,phuonghanh.dinh@yahoo.com,9889513012
KAMALA GOPIKRISHNAN,anhthu_to@gmail.com,9889513013
GAYATHRI.C.G,anhdung29@hotmail.com,9889513014
SELU ROY,bachtra_vu33@yahoo.com,9889513015
TONY THOMAS,truongan_ly@yahoo.com,9889513016
DEEPTHI JOSE,kimhuong2@yahoo.com,9889513017
SAVIN MAMMEN KOSHY,thienluong.dinh@hotmail.com,9889513018
ASWATHY P,quynhgiao_lam22@yahoo.com,9889513019
SUBIN GEORGE THOMAS,minhthu_phan56@gmail.com,9889513020
MANOJ NARAYAN G,camvan11@gmail.com,9889513021
JITHIN RAJ R,tuquynh.ha@yahoo.com,9889513022
DONA SABU,phuongdung15@hotmail.com,9889513023
ANJU MALATHY,yenhong60@gmail.com,9889513024
MELVIN M JOHNY,hoabinh_do6@gmail.com,9889513025
PREETHY THOMAS,baokhanh.phan16@yahoo.com,9889513026
VIVEK N,tuyetloan.ha93@hotmail.com,9889513027
TINTU SUSAN GEORGE,nguyengiang.dang38@gmail.com,9889513028
SREEKANTH T N,diemtrinh.tran@yahoo.com,9889513029
SHEEJA ANNA THOMAS,dinhquang34@gmail.com,9889513030
JESTINA K. KURUVILA,bachnhan.dao@hotmail.com,9889513031
JENCY VARGHESE,dalam.vuong@yahoo.com,9889513032
DIVYA.J,hungson9@hotmail.com,9889513033
DELPHINE NIMMY,duyenhong13@hotmail.com,9889513034
ANGEL MOHAN,thaonhi18@yahoo.com,9889513035
PRIYA ANN JOSEPH,dangkhoa54@yahoo.com,9889513036
SUBIN GEORGE THOMAS,huyenthu.ngo90@hotmail.com,9889513037
ANN STEFFI RODRIGUES,quangsang_dinh@hotmail.com,9889513038
ANU CHACKOCHAN,binhminh86@gmail.com,9889513039
JOLLY VARGHESE,yenthao.tang@gmail.com,9889513040
TIJO K GEORGE,giaduc54@gmail.com,9889513041
SHONA JOY,ngoctuan_phung@gmail.com,9889513042
SHEENA MATHEW,nhanvan.to@gmail.com,9889513043
NEETHU.K.J,vietkhai33@yahoo.com,9889513044
ANITHA BABY,thucdoan98@hotmail.com,9889513045
PREMKUMAR.C,bichngan83@yahoo.com,9889513046
PRINCY PAPPACHAN,quynhtram62@yahoo.com,9889513047
JEENA JOHN,thanhhai.tang@gmail.com,9889513048
JEENA RAJU,huutrung.ly93@gmail.com,9889513049
SALINI SUDHAKARAN,thanhloan_pham@gmail.com,9889513050
E.EVANGELIN PRABHA,hamy38@yahoo.com,9889513051
NANDAKUMAR.N.PAI,bichhien.nguyen75@gmail.com,9889513052
PRIJIN GEORGE KOSHY,nhuy.pham@hotmail.com,9889513053
SIBIN BABU,haithuy96@yahoo.com,9889513054
RESMI.S.NAIR,dinhkim_trinh5@yahoo.com,9889513055
TINU ABRAHAM VARGHESE,lacphuc68@yahoo.com,9889513056
NISHA ELIZABETH THOMAS,phuongque_dinh51@yahoo.com,9889513057
SHYAMA A B,thinhcuong15@gmail.com,9889513058
JOSEPH GEORGE C,thanhkien.doan@gmail.com,9889513059
NIKHIL A.R,lannhi.duong36@hotmail.com,9889513060
SUBIN V.S,thanhvy_vuong66@gmail.com,9889513061
ASHAMOL L.S,minhtam22@yahoo.com,9889513062
BRINDLY.B.SUJITH,thuyminh.nguyen@gmail.com,9889513063
PINKY.M.R,kimthong72@gmail.com,9889513064
JAYAKRISHNAN S,truclan89@yahoo.com,9889513065
ANJU V NAIR,thixuan_truong@yahoo.com,9889513066
SAJIN VIJAYAN HARDLY,nghiahoa76@yahoo.com,9889513067
LEKSHMI.S,baothai_trinh@gmail.com,9889513068
VISHNUPRASAD.S.WARRIER,giahuan_phung@hotmail.com,9889513069
KULEEN K,uyennha_phung@yahoo.com,9889513070
SUBHASH GEORGE THOMAS,thaivan_dinh@gmail.com,9889513071
MANOJ P JOHN,hoangthu_bui99@hotmail.com,9889513072
SALMAN AHMED BASHEER,danthanh61@yahoo.com,9889513073
PRAVEEN .K.P,legiang_doan@gmail.com,9889513074
DEEPAK M.L,huubao84@hotmail.com,9889513075
REKHA RAJ,myle90@gmail.com,9889513076
ABDUL KADER . A,quocquy.mai@yahoo.com,9889513077
ABIN EMMANUEL,kimson_hoang99@yahoo.com,9889513078
ANUROOP KUMAR S,ductoan73@hotmail.com,9889513079
LIDIYA JACOB,quelam.le@hotmail.com,9889513080
ALWIN AUGUSTIN,khanhmai.mai66@gmail.com,9889513081
SONY SEBASTIAN K,vietson7@yahoo.com,9889513082
VIJESHA P.G.,huubinh41@gmail.com,9889513083
NEETHU ROSILINE,dongtra27@hotmail.com,9889513084
DEEPTHA MARY THOMAS,viettrinh.ho@gmail.com,9889513085
KARTHIKA PRAKASH,hoaiphong.vu@gmail.com,9889513086
DEEPIKANATH.G.R,manhthien_nguyen@gmail.com,9889513087
JEENA JAIN THOMAS,tusuong3@hotmail.com,9889513088
LISA.S,minhthuy.duong35@yahoo.com,9889513089
NIHAD S,phuchoa1@yahoo.com,9889513090
BINITHA V G,hoangngon.hoang@gmail.com,9889513091
K P PRADEEP,vinhlong_tang@gmail.com,9889513092
HARISH A V,tungquang_dinh@hotmail.com,9889513093
JITHIN SEBASTIAN,tuyettram66@gmail.com,9889513094
Sangeetha.S,honglinh.vuong@hotmail.com,9889513095
Harish.A.V,huykhiem_hoang@hotmail.com,9889513096
Vipin Das,daclo65@yahoo.com,9889513097
Vijeesha.P.G,lamkhe30@gmail.com,9889513098
Mithun.C.Mohan,sonduong_ngo56@hotmail.com,9889513099
Rakhi Leyan,thienan13@yahoo.com,9889513100
Tina Susan Jose,huyenthoai11@yahoo.com,9889513101
Sujithmon.P.P,nguyenvan_tang53@gmail.com,9889513102
Sujith.T.V,hiephoa_phan@hotmail.com,9889513103
Aabid.A.Salam,tuanhoang52@yahoo.com,9889513104
Anjith.M.G,hieuhoc82@gmail.com,9889513105
Shama.K.M,chidung.ly56@gmail.com,9889513106
Mithun Kurup,phinhan_lam@hotmail.com,9889513107
Flince Mathew,hongkhoi36@gmail.com,9889513108
Joffin Mathew,ngoctien67@gmail.com,9889513109
Divya.S.Sathyan,vanphi.phung@hotmail.com,9889513110
Dijil raj.T,nhatbaolong_tran@hotmail.com,9889513111
Varun.K.V,bichngoc31@yahoo.com,9889513112
Biby Jose,ducgiang81@gmail.com,9889513113
Lijitha.R,thuymien_do49@gmail.com,9889513114
Nivya Rose Vincent,thientrang49@hotmail.com,9889513115
Anju.S.Pillai,thuytrinh_dang@gmail.com,9889513116
Sanjith Jacob Thomas,tinhnhu_do@gmail.com,9889513117
Tintu Joseph,phucthinh_phung88@gmail.com,9889513118
Joji Issac.P,anhphuong50@gmail.com,9889513119
Minu Mereena Cherian,thachthao.do71@hotmail.com,9889513120
Renil Raphy,quangtrong.ha37@gmail.com,9889513121
Shameer.M.S,bachtra_trinh@yahoo.com,9889513122
Saaju Alex,minhkhang_mai@yahoo.com,9889513123
Sherine James,thienphuong36@gmail.com,9889513124
Veena Sanjeev,ngoccam.dao@hotmail.com,9889513125
Sheethal Abraham,dinhnguyen.ho@yahoo.com,9889513126
Greehma.M.J,mongvy33@gmail.com,9889513127
Lakshmi.k.S,ducquang.dang@gmail.com,9889513128
Abin Mathew,xuantuong.phung@yahoo.com,9889513129
Jaseem Hafiz.M,hieunghia.tran25@hotmail.com,9889513130
Riya George,minhhien73@hotmail.com,9889513131
Deepthi.S.Dev,manhtruong.mai@gmail.com,9889513132
Sandeep Soman,tamdoan_mai41@gmail.com,9889513133
Ajosh Varghese Thomas,thuygiang.ho64@gmail.com,9889513134
Merin Joseph,lamphuong_bui63@yahoo.com,9889513135
Renjith.K.C,thuylien.ha@hotmail.com,9889513136
Ajith Jacob,bathanh_duong@yahoo.com,9889513137
Sherly Paul,xuanhan20@yahoo.com,9889513138
Vipin.S.Pillai,huutoan_lam@hotmail.com,9889513139
Subramania Nehru.C,kimtrang84@gmail.com,9889513140
Chitra Panicker.R,thanhhuy_tran8@gmail.com,9889513141
Parvathy.R,chidung.hoang@hotmail.com,9889513142
Chinnu.C.George,xuanhieu26@yahoo.com,9889513143
Libitha Elizabeth Kurien,nguyetanh64@gmail.com,9889513144
Arif.M.K,dinhien.duong22@yahoo.com,9889513145
Rahul.S,thicam_hoang86@yahoo.com,9889513146
Anna Jose Morris,yenthanh.phan58@gmail.com,9889513147
Sreekumar.N.P,ngoccam3@yahoo.com,9889513148
Remya Sebastian,thanhhanh32@yahoo.com,9889513149
Shiby.P.Mathew,minhman52@hotmail.com,9889513150
Nithin Terry Gomez,truongsa69@yahoo.com,9889513151
Jithu Zacharia,thaichi_phung77@hotmail.com,9889513152
Rahul Kiran.R.S,phucle8@yahoo.com,9889513153
Priyanka.R,bichhao_tang56@gmail.com,9889513154
Suvarna raj.S.R,hanganh41@gmail.com,9889513155
Nijil.M.K,dankhanh.duong@yahoo.com,9889513156
Aravind.V,nhahong_phan@yahoo.com,9889513157
Haripriya.S,nhatmai91@yahoo.com,9889513158
Prathibha Nelsaon,khacviet_phan38@hotmail.com,9889513159
Josey Thomas jacob,diemmy_bui26@gmail.com,9889513160
Praveen Jose,vietphong60@hotmail.com,9889513161
Lija Annie Yohan,nhuhoa33@hotmail.com,9889513162
Ansal.D.A,tuylinh96@hotmail.com,9889513163
Emilie.K.Jose,mongthu.doan@yahoo.com,9889513164
Ajith abraham,minhtoan_do@gmail.com,9889513165
Sethu.V,hongdao.phan48@yahoo.com,9889513166
Jineesh Joseph,khacanh_trinh@gmail.com,9889513167
Arun Sasikumar,tutam85@yahoo.com,9889513168
Ramprasad.G.N,caotien.bui@yahoo.com,9889513169
Akhila.B,huyquang_truong@hotmail.com,9889513170
Sharath Kumar.K,trungviet63@yahoo.com,9889513171
Kiran.V.S,dongnghi20@yahoo.com,9889513172
Sunu Treesa Sebastian,hieuminh.ngo20@hotmail.com,9889513173
Anu.S.Nath,diemtrinh_tang44@gmail.com,9889513174
Nicy Varghese,dinhnguyen.ly71@hotmail.com,9889513175
Sandhya Gopinath.M,ngochue22@hotmail.com,9889513176
Vineeth Vinod.M.K,mydung_tang@yahoo.com,9889513177
Jithin.M,minhthu_truong14@hotmail.com,9889513178
ATHUL.C.Tathul.C.T,ngoctho.pham25@yahoo.com,9889513179
Eima Elsa Raju,tanbinh.pham64@hotmail.com,9889513180
Sayooj.P.Unni,dieunga.lam@gmail.com,9889513181
Anna Kurian,minhly.mai16@hotmail.com,9889513182
Neetha.P.John,thaoly_le@gmail.com,9889513183
Anil Mathew,quanghai.bui83@yahoo.com,9889513184
Sujina Sundar,thequyen.dang@hotmail.com,9889513185
Ajay Mohan.K,binhdinh47@gmail.com,9889513186
Christeena jose,thanhyen54@hotmail.com,9889513187
Babysree Cyraic,kieunuong17@gmail.com,9889513188
Sherin Joseph,dalan_to@yahoo.com,9889513189
R.Aiswarya,dahuong_ha@gmail.com,9889513190
Joice Thomas,hamy.doan92@gmail.com,9889513191
Nisha Calistras,thanhloi.phung@hotmail.com,9889513192
Remya.R.U,chieuminh.ho@gmail.com,9889513193
Libin Rajan,thanhgiang_do@gmail.com,9889513194
Vishnu Duttan.S,quyetthang_tang@gmail.com,9889513195
Shinoj.P.V,baoquynh_ha@gmail.com,9889513196
Sooraj.S,dieuhuyen_le@yahoo.com,9889513197
Pradeep.T.H,minhan_trinh92@gmail.com,9889513198
Kavitha Jayachandran,dinhthang.phung@hotmail.com,9889513199
Rakalekshmy Muralillal,tuyetnhi.phan65@yahoo.com,9889513200
Arunkumar.R,thatdung_trinh84@hotmail.com,9889513201
Ragesh.G.K,phihai.doan@yahoo.com,9889513202
Revathy.E.Divakaran,hamduyen_do47@yahoo.com,9889513203
Neethu.M,khanhgiang_vu@gmail.com,9889513204
Priyanka.A,quechi48@hotmail.com,9889513205
Sarath.K.U,hoaiphong.ngo@hotmail.com,9889513206
Harish Kumar.D,kietvo.vu@hotmail.com,9889513207
Perasanth.P,kieuthu_phan76@gmail.com,9889513208
Aravind Melathil,kimchi_to@yahoo.com,9889513209
Minu.S,baophap.hoang12@yahoo.com,9889513210
Vineeth Velayudhankutty,phuonglong.phan8@hotmail.com,9889513211
Vivek Chandran.P,hamy.trinh@yahoo.com,9889513212
Armin John,toloan83@yahoo.com,9889513213
Ragesh.R,truonglong55@hotmail.com,9889513214
Joffin Anto,congan55@yahoo.com,9889513215
Vaisakh Venu,khacminh_dang@hotmail.com,9889513216
Jithin.R.Gireesan,trongchinh_duong@yahoo.com,9889513217
Siddique.P,nhattien_dinh25@yahoo.com,9889513218
Arun Kumar.U,vietkhoi32@hotmail.com,9889513219
Anoop.A,vienphuong81@yahoo.com,9889513220
Ramu.V.Ramanan,lamnhi_lam@yahoo.com,9889513221
S.Santhosh Kumar,truclam.vu89@yahoo.com,9889513222
Vineeth.V.Gopal,duybao.lam@yahoo.com,9889513223
Julesh.C,ngoctuan.ha51@hotmail.com,9889513224
Jabir.K,baoquyen.ha@hotmail.com,9889513225
Soumya.B,ngockhang.do@gmail.com,9889513226
Premjith.G,lienhuong40@yahoo.com,9889513227
Shyni.T.P,khanhhuyen97@hotmail.com,9889513228
Susha.Y.Chacko,phuongtrang27@yahoo.com,9889513229
Subitha Lakshmi.S,xuanlam80@yahoo.com,9889513230
Supriya.R,quangtu_ha8@yahoo.com,9889513231
Vishnu Vijayan,thanhdao.vu95@yahoo.com,9889513232
Sinin.R.Ahamed,vuonggia.vuong93@yahoo.com,9889513233
Raj Mohan.M.V,thienlan68@hotmail.com,9889513234
Mahesh.R,anhdao4@hotmail.com,9889513235
Shambu.J,nhuquynh_trinh69@yahoo.com,9889513236
Gireesh Kumar.S,huychieu_ha71@yahoo.com,9889513237
Afnitha.M.K,lamtruong51@yahoo.com,9889513238
Anil Thankappan,hongphuc_bui14@yahoo.com,9889513239
Eipe John,hiepvu_dao1@gmail.com,9889513240
Vidya Mohan,hongnhan0@hotmail.com,9889513241
Mahendran.G,myhanh.dao@hotmail.com,9889513242
Soumya.S,baochan.truong@hotmail.com,9889513243
Subeesh Babu.V,hoaitrung65@hotmail.com,9889513244
John Thomas Puthenangady,anhthao.vu@hotmail.com,9889513245
Anitha Krishana.S,thucuyen72@gmail.com,9889513246
Sam.K.M,duytan.vu@yahoo.com,9889513247
Surya.B,huehuong_to@hotmail.com,9889513248
Krishna Prasad.P.P,hoangkhang51@yahoo.com,9889513249
Abigail Grace Baby,nhatnam.vuong92@yahoo.com,9889513250
Remya.P,andi55@hotmail.com,9889513251
Ranju.R.Nair,haithao.doan@yahoo.com,9889513252
Shabina Rajan,xuanthien.ha84@yahoo.com,9889513253
Ajith.G,maily.pham@hotmail.com,9889513254
Anil C Ignatius,dinhsieu59@hotmail.com,9889513255
Sajithkumar K,tonle_hoang@gmail.com,9889513256
Sajeena.S,giangngoc.bui85@hotmail.com,9889513257
Nitha.A.Paret,kimchi.tran45@gmail.com,9889513258
Asok Ramachandran,lamtuong64@yahoo.com,9889513259
Bilna.P,khatu.vuong@hotmail.com,9889513260
Swapna Rajan,xuanlinh.vuong@yahoo.com,9889513261
Sarath Sasidharan,ducgiang.do@yahoo.com,9889513262
Anasuya.K,hongthuy_phan@gmail.com,9889513263
Sreeja Divakaran,haimy_pham88@hotmail.com,9889513264
Nishitha.U,giakiet.to@gmail.com,9889513265
Jayakrishna. J,quocphong1@gmail.com,9889513266
Pibin.A.P,bacuong.ly10@gmail.com,9889513267
Sujith.M,chanhviet76@yahoo.com,9889513268
Christy Mary Mathew,lamdung_ho@gmail.com,9889513269
Leo Elias,conghieu.vu75@gmail.com,9889513270
Ashiq Azeez,phuthinh_duong@yahoo.com,9889513271
Shinu.M.S,minhchau_phung5@hotmail.com,9889513272
Sreejith Gopalakrishnan,nhatanh_lam@gmail.com,9889513273
Anoop Sreekumar,linhphuong45@hotmail.com,9889513274
Milton Jose.M,baohue.dang47@gmail.com,9889513275
Divya Mary Tharacheril,thuctam.phan25@yahoo.com,9889513276
Jayadevan.J,sydan.doan@hotmail.com,9889513277
Liju.G,kiencuong.vuong@yahoo.com,9889513278
Prasanth Nair K,phongdinh65@gmail.com,9889513279
Joewin Vallikad Joey,minhkhai_mai@yahoo.com,9889513280
Leena Mary Joseph,ngoctu.doan5@gmail.com,9889513281
Athulya. A,hatien71@gmail.com,9889513282
Nisha Divakaran,thyvan.dinh@gmail.com,9889513283
Anish Sahadevan,huylinh27@hotmail.com,9889513284
Shemi.M.K,maihien.to30@gmail.com,9889513285
Femymol Francis,bichtram.le@gmail.com,9889513286
Maneeshkar.G,sonlam_pham65@yahoo.com,9889513287
Arun Vijay,antuong_dang@hotmail.com,9889513288
Sajid.K.P,baolam.pham@gmail.com,9889513289
Rejoy.N.K,ngocdiep.pham@yahoo.com,9889513290
Arun.A,thangloi.lam@yahoo.com,9889513291
Sarin Babu.S.S,phuongphi0@hotmail.com,9889513292
Sangeetha.K,uyenthy18@hotmail.com,9889513293
Babitha.A.V,nhunga.pham9@yahoo.com,9889513294
Sandhya.D,phucle_mai@gmail.com,9889513295
Shiby Susan Varkey,thienduc.ngo@gmail.com,9889513296
Amal.R.S,ngocuyen.vuong@yahoo.com,9889513297
Pratheesh Rajan,ngocuyen_phan30@hotmail.com,9889513298
Nijan.B,myphuong_vuong@yahoo.com,9889513299
Ancy Sherin Jose,vietthi41@yahoo.com,9889513300
Deepthy Rao.R,quocquan.ha@yahoo.com,9889513301
Pius George.C.G,thusuong14@yahoo.com,9889513302
Abhilash.S.V,dinhluc.ho88@hotmail.com,9889513303
J.Jaspier Prince Kumar,thuylien.phung93@hotmail.com,9889513304
Manu Murali,mongnguyet8@yahoo.com,9889513305
Perumal.M,hoaitin_ho12@hotmail.com,9889513306
Bright John Mathew,dinhhuong_phung70@gmail.com,9889513307
Navaneeth.S,minhnhat56@hotmail.com,9889513308
Sangeetha.S.Menon,ngocngan51@gmail.com,9889513309
Vijay George,thuyvi29@hotmail.com,9889513310
Ragi.R.Unnithan,tuyettrinh57@gmail.com,9889513311
Sharon.K.Sukumaran,minhchau39@hotmail.com,9889513312
Sandeep.P.Nair,nghiminh.ly34@yahoo.com,9889513313
Chandra Mouli.J,ngochoa_do51@gmail.com,9889513314
Deepak.M,minhdan.doan@yahoo.com,9889513315
Anitha Thomas,hongdiem.ho91@yahoo.com,9889513316
Tintu.A.S,ductoan10@gmail.com,9889513317
Soumya Celin Jose,namtu_nguyen@hotmail.com,9889513318
Jose George,tuanchuong_duong60@gmail.com,9889513319
Aroon.K.V,xuanthuyet_ly83@gmail.com,9889513320
Lekshmi.K,thanhhong5@hotmail.com,9889513321
Anusree.M,phuongthanh57@gmail.com,9889513322
Ronnie Merin George,thuyvan.le@yahoo.com,9889513323
Binu.C.F,tandung.trinh41@yahoo.com,9889513324
Ramya.P,quangsang37@yahoo.com,9889513325
Tiju Joseph,thunga15@yahoo.com,9889513326
Anisha.P.A,ngocquyen.to84@hotmail.com,9889513327
Liji.K,thuyoanh8@hotmail.com,9889513328
Sijio.j.Nelliserry,xuantuong_lam2@gmail.com,9889513329
Sreeranjini.G,vanminh.doan@yahoo.com,9889513330
Deepak.R,minhly97@yahoo.com,9889513331
M.S.Anzy,lienhuong_ho@hotmail.com,9889513332
Sani Saira George,diemlien.duong@gmail.com,9889513333
Biby Boniface,ngocvy44@yahoo.com,9889513334
Arif.M.Rafi,kieuloan_ngo@gmail.com,9889513335
Jency Cherian,giaokieu_lam8@yahoo.com,9889513336
Sebastian.J.Manavalan,chinam65@yahoo.com,9889513337
Sreejith S,nguyetque_dinh77@gmail.com,9889513338
Firoz.P.K,songha.ngo93@gmail.com,9889513339
Jomit Abraham,xuankien55@hotmail.com,9889513340
Sherin Shan,diepvy.dinh@gmail.com,9889513341
Saveesh Kumar K.P,dieunga26@yahoo.com,9889513342
Midhun Sunny,maitrinh71@yahoo.com,9889513343
Joshy. M. Raj,huemy10@hotmail.com,9889513344
Anoop M,huythanh.ngo61@yahoo.com,9889513345
Divya. S. Nair,hungson_tang@hotmail.com,9889513346
Rahul Venu,thanhlong.ly@gmail.com,9889513347
Anjana. R,tuyenlam23@yahoo.com,9889513348
Salini Dev P. V,huongtien43@gmail.com,9889513349
Divya. S.,thanhvinh_ly@hotmail.com,9889513350
Simi Jose,dacthai.vu@yahoo.com,9889513351
Shinju Isack,trucmai_lam@hotmail.com,9889513352
T. Nithiananthi,hungson.tran@gmail.com,9889513353
Sandeep. K. S,nguyetanh_do@gmail.com,9889513354
Jisha.V.Anand,huylinh_ha87@hotmail.com,9889513355
Deepa.S,uyphong.nguyen@yahoo.com,9889513356
Anu Susan John,honggiang12@gmail.com,9889513357
Binny Elza Mathew,khanhchi.mai@yahoo.com,9889513358
Ayyappan. A,hamtho6@gmail.com,9889513359
Anu N,quochung97@gmail.com,9889513360
Mohammed Razi.M,giangtien.duong@yahoo.com,9889513361
Durga Varma,haccuc_dao@hotmail.com,9889513362
Joby.N.V.,quangtrieu.phan@gmail.com,9889513363
Salna K K,thuyvan70@yahoo.com,9889513364
Anil Prasad V.R,ngocquyen_ho77@gmail.com,9889513365
Sreekumar.P,ngocuyen_ha@hotmail.com,9889513366
DiveshGopinath,ngocmai78@gmail.com,9889513367
Susi das.S,aithi.tang@gmail.com,9889513368
K.Silpi,thanhdoanh_trinh@hotmail.com,9889513369
Tintu Ann Cherian,thienminh_ho@hotmail.com,9889513370
Anitha Rani,danhson.pham64@hotmail.com,9889513371
Nisha George,linhchi.le93@yahoo.com,9889513372
Sereen Joseph,hungphong_hoang94@hotmail.com,9889513373
H.Kalairasu,kimson80@gmail.com,9889513374
AnandRaj N.S,tuanh90@hotmail.com,9889513375
Unnikrishnan.M.N,doanthanh24@yahoo.com,9889513376
Roshan Basheer,tuyetoanh_dinh@hotmail.com,9889513377
Jyothi Krishnan.M,myhanh.trinh42@hotmail.com,9889513378
Phijo Koshy,vietthong.mai91@hotmail.com,9889513379
Shimith PM,thuanhau8@hotmail.com,9889513380
Anu K P,thuhuyen52@hotmail.com,9889513381
Philip Jacob Perakath,thuyvan.dinh@hotmail.com,9889513382
Kannan.M,mongvi.doan@yahoo.com,9889513383
Najeed Ali. C. A,nghiminh_tang@hotmail.com,9889513384
Sandeep.B,vietquoc_dao@hotmail.com,9889513385
Siji K Varghese,quocmy.dao89@gmail.com,9889513386
Ramya. M,dieuvan_ho@yahoo.com,9889513387
Radhika.S,hongphat_ha@yahoo.com,9889513388
Sajini James,huucanh45@hotmail.com,9889513389
Anie Mary Kurian,minhtam_pham@yahoo.com,9889513390
Teny Philip George,tuyetnhung_pham@yahoo.com,9889513391
Vinod Kumar D.N,myhanh19@yahoo.com,9889513392
Patricia Rany Bhai .M,tahien10@hotmail.com,9889513393
Vandana.S,thanhngan_ngo@yahoo.com,9889513394
Raghunath .V.N,huubao_ha70@yahoo.com,9889513395
Sherina.H,cuongnghi.vu94@yahoo.com,9889513396
B. Unnikrishnan,ngocngan_tran@yahoo.com,9889513397
Nitha Rajagopal,duyluan.tang32@hotmail.com,9889513398
Varun Sinha,huutrac0@hotmail.com,9889513399
Rejani Accamma Ninan,hoangmy_hoang@hotmail.com,9889513400
Sreehari.K.V,longvinh30@gmail.com,9889513401
Usha. C,tunguyet.lam@yahoo.com,9889513402
Merin Menachery,bachkim26@hotmail.com,9889513403
Visakh Premraj,thuyanh.doan87@gmail.com,9889513404
Sandeep S Kumar,tuanlinh.duong@hotmail.com,9889513405
Sherin V Thomas,thienan_lam@gmail.com,9889513406
Soumya Tresa Jose,haiphuong_dang@gmail.com,9889513407
Chithraja.C.T,vietphong.vuong96@hotmail.com,9889513408
Saritha. R. S,huyenthu13@hotmail.com,9889513409
Biju.C.P,myhue.ly@gmail.com,9889513410
Anitha. S,kieumai_ly@hotmail.com,9889513411
Arshed Razak,linhchau_pham56@hotmail.com,9889513412
Karthik.S,trucdao89@hotmail.com,9889513413
Kiran Karuppali,thaitam_truong@yahoo.com,9889513414
Melisa Thomas,ducphong52@hotmail.com,9889513415
Shenoy John Rajan,quangnhat_tang@yahoo.com,9889513416
Suhail Mohammed. A,khanhhoi.ho22@yahoo.com,9889513417
Arathy.S,huubao_ho@gmail.com,9889513418
Jinu. K. K,thientheu.pham@yahoo.com,9889513419
Ceju. P. L,quangtrieu4@hotmail.com,9889513420
Hance J Tharakan,minhthuy_dang@hotmail.com,9889513421
Nishith Ranjan Sahoo,dacluc41@yahoo.com,9889513422
Shubha Mathew,duycan.dinh39@gmail.com,9889513423
Antony James,congloc_truong@gmail.com,9889513424
Joseph Saxon Seemanthy,hongxuan.duong@hotmail.com,9889513425
Hari Ravindran,kiethong_tang3@yahoo.com,9889513426
Susmitha.S,anha34@yahoo.com,9889513427
Remya Mohan,sonca16@yahoo.com,9889513428
Jobin Ninan,vietnhi.tang@gmail.com,9889513429
Tinu Shine A.L,baophap_hoang65@yahoo.com,9889513430
Danya Philip,thuanthanh_ly@yahoo.com,9889513431
Sreevidya T K,hongquy_ha@hotmail.com,9889513432
Mehar Muhammed,truongphat14@yahoo.com,9889513433
Mubashir T,nguyenvan.vuong56@hotmail.com,9889513434
Jishy Alice Rajan,quocbao_dinh31@hotmail.com,9889513435
Dejies Deoder,kieudung_lam@hotmail.com,9889513436
Sreechand.S,tuyetvan_ly92@hotmail.com,9889513437
Francis Y Moris,minhthu_lam@gmail.com,9889513438
S.V.Renjini,thanhvu.do79@yahoo.com,9889513439
Rakesh.R,kientrung_le84@hotmail.com,9889513440
Deepak J Alapatt,bachtuyet.pham15@gmail.com,9889513441
Jayasree.R,naman_le@hotmail.com,9889513442
Ninu Mary Joseph,xuanminh49@hotmail.com,9889513443
Prasanth N,thuyvan24@hotmail.com,9889513444
R. Vasanth,dieuthuy45@yahoo.com,9889513445
Minu Korath,minhan.ho31@yahoo.com,9889513446
Raju Paul,nhasuong.ho49@hotmail.com,9889513447
Anju Unnithan,xuanyen69@yahoo.com,9889513448
Rajesh.P,dinhnguyen80@yahoo.com,9889513449
Joseph George,chieuphong.vu@yahoo.com,9889513450
Jimmy John Perakatt,caonguyen_doan@hotmail.com,9889513451
Able.M.A,vietnga.trinh39@gmail.com,9889513452
Avneet Gambhir,hongdiep4@hotmail.com,9889513453
Rani Krishna,giangngoc_dao23@yahoo.com,9889513454
Anish M A,thuyhuong_dang91@gmail.com,9889513455
N. Vasudevan,anhdao_to@gmail.com,9889513456
Mohamed Shamaz m h,minhvu44@gmail.com,9889513457
Firoz.E.V,tienphuong80@hotmail.com,9889513458
Ram Manoj K,ducan_bui@hotmail.com,9889513459
Arun Thomas,camnhi_ha@gmail.com,9889513460
Resmi George,bichhong.phan73@hotmail.com,9889513461
Thanuja Salim,hoaivy61@gmail.com,9889513462
Divya S,hieugiang_to@yahoo.com,9889513463
Jibin M,huudat.ha@yahoo.com,9889513464
Sreekanth.S,khanhgiao_truong72@hotmail.com,9889513465
Lekshmi Vijayakumar,aulang_dinh@yahoo.com,9889513466
Jenic Kumar T B,diemquyen.doan98@gmail.com,9889513467
Renil Roy K,sontuyen63@hotmail.com,9889513468
Sumesh J Chackalackal,baodinh_phan@hotmail.com,9889513469
Madhu Kumar G,giangthien59@hotmail.com,9889513470
Tintu Devasia,duyhien97@gmail.com,9889513471
Jofil Thekkekara,huuchien32@hotmail.com,9889513472
Jithu Jolly,hongdang_phung@yahoo.com,9889513473
Rittu Scaria,tuankiet57@yahoo.com,9889513474
Ummer Shervani A.P.M,xuanvu_le35@yahoo.com,9889513475
Jinish C,dongtuyen79@hotmail.com,9889513476
Ron John Ninan,quelam.dinh66@gmail.com,9889513477
Shine. M. N,quynhnhu.dinh69@yahoo.com,9889513478
Sudheesh. S,phuongtrieu.do5@yahoo.com,9889513479
Linto K P,quocmanh.bui41@yahoo.com,9889513480
Sooraj. V,vietkhang40@hotmail.com,9889513481
Arun C.Mohan,binhminh62@hotmail.com,9889513482
Lijin.S.Chandran,diemloc.phan@yahoo.com,9889513483
Anu Sankaranarayanan,namthanh.phung61@gmail.com,9889513484
Anoopkiran. V,thangcanh.vuong@hotmail.com,9889513485
Srilekshmi M.,thanhman_lam@yahoo.com,9889513486
Ligy Thomas. M,xuanhien.vu73@yahoo.com,9889513487
Jomet Johny,thykhanh34@yahoo.com,9889513488
Humble Devassy. C,huubao_lam@yahoo.com,9889513489
Swapna Raj. P. R,diemphuong_tran@hotmail.com,9889513490
Rajul O.S,luongquyen41@yahoo.com,9889513491
Anju Unnikrishnan,dangkhoa.vu79@yahoo.com,9889513492
Nitha. S,thaovan32@yahoo.com,9889513493
Amalraj Menon P,thedan.duong92@yahoo.com,9889513494
Johncy M John,anhkhoi25@hotmail.com,9889513495
Rajeev R,thuthuy30@yahoo.com,9889513496
Anuja P N,anhson_dang76@hotmail.com,9889513497
Nimisha Rachel Zachariah,thaisan.lam0@yahoo.com,9889513498
Anjana S.,thuydao38@hotmail.com,9889513499
Drisya. S,vietan.ho59@gmail.com,9889513500
Shanawas.P.M,thaouyen6@yahoo.com,9889513501
Arun.R,baotien_do61@yahoo.com,9889513502
Karthik raja.p,diepanh_vu@hotmail.com,9889513503
Rino Cherian,anhthu_ngo76@yahoo.com,9889513504
Arya Vijayan,anhduong22@gmail.com,9889513505
Bony John,thaisang.to@gmail.com,9889513506
Bhavyasree Unni,thinhcuong87@yahoo.com,9889513507
Seena.S,chikien.hoang@yahoo.com,9889513508
Resmi.G.Nair,tuongvy_tang@yahoo.com,9889513509
Dennis Joseph,kimngoc.truong@hotmail.com,9889513510
Sumila.R,tanphuoc.doan89@yahoo.com,9889513511
Remya Rajendran,thuthuan_le@yahoo.com,9889513512
Nayana Rajendran,thattho.le95@hotmail.com,9889513513
Anjaly. S,xuanminh_vuong@gmail.com,9889513514
Aby Antony Paramby,bachnhan_lam@gmail.com,9889513515
Yasmeen P P,thanhhai66@yahoo.com,9889513516
Aswathy.S,hunganh_to19@yahoo.com,9889513517
Mathew Jose,quocphuong.phan@yahoo.com,9889513518
Anand.V.S,tuanminh_ly79@hotmail.com,9889513519
Anuja K.,duchoa23@hotmail.com,9889513520
Amit Kumar,lankhue.le52@gmail.com,9889513521
Varun Panicker,ducgiang.duong@hotmail.com,9889513522
Basil Philip Mathew,tanphat.dang@gmail.com,9889513523
Subin Raj P.A,nhuhong.trinh@hotmail.com,9889513524
Divya V.M,quangdat_lam15@yahoo.com,9889513525
Sajan Emmanuel,quocthong5@yahoo.com,9889513526
Sreekanth Venugopal,quangtu_le@hotmail.com,9889513527
Jeena Jacob,haiquan_truong22@yahoo.com,9889513528
Bindu.R,conghai46@hotmail.com,9889513529
Soumya Mathews,giaphuc_lam86@hotmail.com,9889513530
Deepu.S,quanglam_do81@gmail.com,9889513531
Jishnu Krishnan,thiendung_trinh@hotmail.com,9889513532
Sandeep Kumar R,thanhhong_mai@hotmail.com,9889513533
Sudeep.C.M.,nghixuan_hoang@hotmail.com,9889513534
Anishnath.M.G,nhatda41@yahoo.com,9889513535
Joseph Ribin Roy,thyoanh49@hotmail.com,9889513536
Shakhi Abraham,dieuvan_ly@yahoo.com,9889513537
Asha M,vietkhoa.hoang@hotmail.com,9889513538
Sanu C.N.,huuhoang.nguyen98@yahoo.com,9889513539
Roshni Anna Mathew,trucdao.tran69@hotmail.com,9889513540
Anup Kumar.N,minhthuong.tran63@gmail.com,9889513541
Ajit kumar,mynuong86@gmail.com,9889513542
C.Abraham,phuongyen_phung7@yahoo.com,9889513543
Fazil S,gianguyen.dinh@hotmail.com,9889513544
Chikku Anto Abraham,kimphu.doan@yahoo.com,9889513545
Anshad M,thanhbinh.duong15@hotmail.com,9889513546
Syamkrishnan.M.R,baky42@yahoo.com,9889513547
G.Prijeesh,hieulam.dao5@yahoo.com,9889513548
Sanju N,tanthanh_to@yahoo.com,9889513549
Thomas V. K.,khanhgiang20@yahoo.com,9889513550
Linju A.R,duckhang.dao75@hotmail.com,9889513551
Arun.C,tuly_phan@hotmail.com,9889513552
Uma.B,honglien_pham19@gmail.com,9889513553
Remya.Fen,khiettam95@hotmail.com,9889513554
Mareena Jose,hoanglam.to@gmail.com,9889513555
Praveen.R,duythach87@gmail.com,9889513556
Jeena Mary Mathew,caominh_dinh50@hotmail.com,9889513557
Sijo Jose M,dantam.to0@hotmail.com,9889513558
Sijo Jose,chieuquan96@yahoo.com,9889513559
Deepthi L,camlinh.duong@yahoo.com,9889513560
Shimi.M,monghoa.phung41@yahoo.com,9889513561
Feby Felix Mathew,xuantruong_vuong@yahoo.com,9889513562
Sathish TL,xuanvan95@yahoo.com,9889513563
George Sebastian,thanhthuan.ho@gmail.com,9889513564
J.H.Nidhi,hoaihuong33@gmail.com,9889513565
Resmi Anna Jose,vinhtoan_tang@yahoo.com,9889513566
Vinod .M .S,haison87@gmail.com,9889513567
Jobin P Luke,quynhtram.tran50@hotmail.com,9889513568
Anuraj L.R,dongdao55@yahoo.com,9889513569
Remya M Vincent,minhhai.phung@yahoo.com,9889513570
Surya.M.S.,mongnhi.ho14@yahoo.com,9889513571
Lakshmi K G,vanhuong_lam@gmail.com,9889513572
Nawin. M,thanhthien35@hotmail.com,9889513573
Sujitha.V,luuly_tang90@yahoo.com,9889513574
Seethal Baby,minhvu_le26@yahoo.com,9889513575
Bidhu. P. M.,tamlinh29@yahoo.com,9889513576
Dil Sebin Kuriachen,khanhhuyen_to19@gmail.com,9889513577
Bibinu Jacob,aivan.bui49@yahoo.com,9889513578
Drisya. S,haiyen.ha@yahoo.com,9889513579
Saflin. P. H,sonha.pham18@yahoo.com,9889513580
Shamnad.S,hoanghai.ngo27@gmail.com,9889513581
Anaz M,huukhoi.vu84@gmail.com,9889513582
Divya.R,camlien52@yahoo.com,9889513583
Sreenisha.G.,theson.doan@yahoo.com,9889513584
Vipin joseph,lanhuong22@hotmail.com,9889513585
Sandeep S,theanh_phung@gmail.com,9889513586
Dhiraj krishnan,huulong.vu58@yahoo.com,9889513587
Sreeja C.G,ngochanh92@hotmail.com,9889513588
Jinu George,tantai.phan96@hotmail.com,9889513589
Jaya. T. V,quynhnhung.ngo@yahoo.com,9889513590
Shijo Paul,giaphong_ha45@gmail.com,9889513591
Rohith.T.Pavithran,hoangminh.ha9@hotmail.com,9889513592
D.Preethi Praveena Roseline,hanhmy_tang@yahoo.com,9889513593
Mereena Mathew V,anhtu20@hotmail.com,9889513594
Leena Varghese,totam_vuong92@hotmail.com,9889513595
Lijo Thottan,bathinh91@yahoo.com,9889513596
K.A.Balasubramanian,mongvan37@yahoo.com,9889513597
Arun Soman,naman74@gmail.com,9889513598
Shinto. E. L,haimy_dang@hotmail.com,9889513599
Padma.S,thiendi.ngo39@yahoo.com,9889513600
Ashu Abraham,nhathuy_vu27@yahoo.com,9889513601
Anantheswar. G,xuanbao.ngo92@gmail.com,9889513602
Smitha.E.K,dinhcuong.dao70@yahoo.com,9889513603
Shone Jacob,ngochue_ly@gmail.com,9889513604
Anupama Joseph,tinhnhi_bui@yahoo.com,9889513605
Regi Paul,phuongdiem40@gmail.com,9889513606
Sojan P.R.,quangthinh95@yahoo.com,9889513607
Remya.P.Antony,hongngoc_phan71@gmail.com,9889513608
Rosbin.P.Lookose,songthu.pham89@gmail.com,9889513609
Smitha Johnson,nguyenbong.ha58@gmail.com,9889513610
Ranjith Ravindran,maihuong_le@yahoo.com,9889513611
Denys Payyampally,thanhcong6@hotmail.com,9889513612
Remya. M,thuylinh.tang@yahoo.com,9889513613
Aparna.R,quephuong.do@yahoo.com,9889513614
Sajin Azeez K,phuongnga_vu48@yahoo.com,9889513615
Anoop.M.Ravindran,tuyenlam.tran66@yahoo.com,9889513616
Simla Lakshmi.T.S.,quynhnhung54@hotmail.com,9889513617
Geo Thomas,dieunuong92@yahoo.com,9889513618
Jyothi Gopalakrishnan,lamnhi.truong@yahoo.com,9889513619
Libu.L.B,duyuyen_ly56@yahoo.com,9889513620
Nishanth M,ngoctrinh22@yahoo.com,9889513621
C.Arvind,duyngon99@gmail.com,9889513622
K.S.Anu,tuyetthanh.pham38@yahoo.com,9889513623
Sajan T John,bichhai.ha62@gmail.com,9889513624
BinishBalakrishnan,trangdai.ha71@yahoo.com,9889513625
Kiran S,dantam.duong@yahoo.com,9889513626
Vinay Kumar R,quangdat_le@hotmail.com,9889513627
M.R.Roopasree,monghoa8@yahoo.com,9889513628
Abraham Vivek Luke,thuyminh.to12@gmail.com,9889513629
Ashish V.V,vinhluan_ho2@gmail.com,9889513630
Jisha Susan Samuel,hagiang1@yahoo.com,9889513631
Mary Thanu Valavi.K,ngocdan.do0@hotmail.com,9889513632
Rageesh T,diemphuoc26@yahoo.com,9889513633
Praveen.M.S,baothuy.ha@hotmail.com,9889513634
Juliyat Yeldho,phuonghoa19@gmail.com,9889513635
Indumathi.M.,chikhiem38@hotmail.com,9889513636
Divya Krishnan,khanhgiao.tang6@yahoo.com,9889513637
Alex George,ductam_vu7@hotmail.com,9889513638
T.M.Sharmi,quelam6@yahoo.com,9889513639
Fouzia V K,minhthien26@yahoo.com,9889513640
Ashok M Kurup,phuccuong21@gmail.com,9889513641
Asha Susan Joy,tuquyen.vu73@gmail.com,9889513642
Nishad Showkath,honghoa.hoang54@yahoo.com,9889513643
Lakshmy Rajendranath,thatcuong41@yahoo.com,9889513644
C.Ramanathan,khoiphong86@gmail.com,9889513645
Arun Appukuttan,haithanh.phan@hotmail.com,9889513646
Averil Mary Antony,thetuong.phung2@hotmail.com,9889513647
Poornima.I,lequan.tang@yahoo.com,9889513648
Anuroop R,mynhan_do@gmail.com,9889513649
Noby Kurian,ngocdan_bui72@hotmail.com,9889513650
Julius Mathew P,duytan.mai93@yahoo.com,9889513651
Soji P Joseph,monglong83@hotmail.com,9889513652
Seepthy.S,bichlien.tang2@gmail.com,9889513653
Sarah Thomas,hienhoa_ngo@yahoo.com,9889513654
Sachin G Menon,tuelam51@gmail.com,9889513655
Libsy Ann Merin Baby,chanhviet16@hotmail.com,9889513656
Renjith Raj,bathanh60@hotmail.com,9889513657
Shino Mathew,nhutran.vuong83@yahoo.com,9889513658
Anu Mary Oommen,thanhgiang97@hotmail.com,9889513659
Arun Mathew O,kiettrinh.ly@hotmail.com,9889513660
Rekha.M,vietanh.mai27@hotmail.com,9889513661
Satheesh Chandran C.I.,nhattien_tran@gmail.com,9889513662
Ashik .S,baky.ho@hotmail.com,9889513663
Ranjith .P,truongphu_ho@hotmail.com,9889513664
Dinker .R,ductri.mai@yahoo.com,9889513665
Nisha .V .Anand,haphuong53@yahoo.com,9889513666
Anu R.P,lamvien.bui@hotmail.com,9889513667
Sreeja .S,honggiang_doan@gmail.com,9889513668
Saurabh Kumar Singhal,hungtuong49@gmail.com,9889513669
Deepak Kumar Sinha,vankhanh.ha40@hotmail.com,9889513670
Nisha .K .Jose,nguyetcat38@yahoo.com,9889513671
Arun .K.K,khanhquynh_doan@gmail.com,9889513672
Aby John,khanhgiang_lam59@yahoo.com,9889513673
Sameer Salim,lequynh63@yahoo.com,9889513674
Sameena Kabir,tunglinh66@yahoo.com,9889513675
Vivek .R,thunga.ho@hotmail.com,9889513676
Shirine Mohammed,phinhan_phung@hotmail.com,9889513677
Sagorika Pal,baotoan.vu87@yahoo.com,9889513678
Anil M.Johnson,tichduc_dang@gmail.com,9889513679
Harline .P .Thomas,hamy.hoang29@hotmail.com,9889513680
George Abraham .E,ducthang.dinh@gmail.com,9889513681
Sreejith .R .C,phuongvu82@gmail.com,9889513682
Balu .P .V,thanhthien_vuong@gmail.com,9889513683
Suneeth John Varghese,ducthangi.dinh@gmail.com,9889513684